LAPY30012,Lapy Games Collection,12,01/30/2021, 14:11:41,613
LAPY30012,Lapy Games Collection,32,01/30/2021, 15:10:17,613
LAPY30012,Lapy Games Collection,51,01/30/2021, 16:21:15,613
LAPY30012,Lapy Games Collection,64,01/30/2021, 17:38:25,613
LAPY30012,Lapy Games Collection,73,01/30/2021, 18:25:37,613
LAPY30012,Lapy Games Collection,81,01/30/2021, 19:18:13,613
LAPY30012,Lapy Games Collection,92,01/30/2021, 20:11:42,613
LAPY30012,Lapy Games Collection,101,01/30/2021, 21:09:48,613
LAPY30012,Lapy Games Collection,111,01/30/2021, 22:11:51,613
LAPY30012,Lapy Games Collection,125,01/30/2021, 23:13:15,613
LAPY30012,Lapy Games Collection,136,01/31/2021, 00:31:01,613
LAPY30012,Lapy Games Collection,141,01/31/2021, 01:54:54,613
LAPY30012,Lapy Games Collection,148,01/31/2021, 02:32:17,613
LAPY30012,Lapy Games Collection,151,01/31/2021, 03:17:50,613
LAPY30012,Lapy Games Collection,158,01/31/2021, 04:16:43,613
LAPY30012,Lapy Games Collection,161,01/31/2021, 05:16:57,613
LAPY30012,Lapy Games Collection,162,01/31/2021, 06:12:46,613
LAPY30012,Lapy Games Collection,168,01/31/2021, 07:14:29,613
LAPY30012,Lapy Games Collection,173,01/31/2021, 08:14:58,613
LAPY30012,Lapy Games Collection,180,01/31/2021, 09:15:46,613
LAPY30012,Lapy Games Collection,183,01/31/2021, 10:13:31,613
LAPY30012,Lapy Games Collection,184,01/31/2021, 11:11:30,613
LAPY30012,Lapy Games Collection,187,01/31/2021, 12:15:21,613
LAPY30012,Lapy Games Collection,190,01/31/2021, 13:20:24,613
LAPY30012,Lapy Games Collection,196,01/31/2021, 14:11:31,613
LAPY30012,Lapy Games Collection,218,01/31/2021, 15:10:42,613
LAPY30012,Lapy Games Collection,234,01/31/2021, 16:21:13,613
LAPY30012,Lapy Games Collection,254,01/31/2021, 17:38:38,613
LAPY30012,Lapy Games Collection,264,01/31/2021, 18:22:50,613
LAPY30012,Lapy Games Collection,275,01/31/2021, 19:18:50,613
LAPY30012,Lapy Games Collection,279,01/31/2021, 20:11:39,613
LAPY30012,Lapy Games Collection,292,01/31/2021, 21:14:02,613
LAPY30012,Lapy Games Collection,307,01/31/2021, 22:11:57,613
LAPY30012,Lapy Games Collection,312,01/31/2021, 23:13:28,613
LAPY30012,Lapy Games Collection,319,02/01/2021, 00:31:33,613
LAPY30012,Lapy Games Collection,325,02/01/2021, 01:55:59,613
LAPY30012,Lapy Games Collection,326,02/01/2021, 02:34:24,613
LAPY30012,Lapy Games Collection,329,02/01/2021, 03:18:42,613
LAPY30012,Lapy Games Collection,332,02/01/2021, 04:17:49,613
LAPY30012,Lapy Games Collection,335,02/01/2021, 05:21:13,613
LAPY30012,Lapy Games Collection,337,02/01/2021, 06:12:51,613
LAPY30012,Lapy Games Collection,340,02/01/2021, 07:15:47,613
