VBRIGHTTL,Vitabright Lut Editor,0,12/20/2020, 20:11:27,601
VBRIGHTTL,Vitabright Lut Editor,10,12/20/2020, 21:10:08,601
VBRIGHTTL,Vitabright Lut Editor,17,12/20/2020, 22:13:26,601
VBRIGHTTL,Vitabright Lut Editor,30,12/20/2020, 23:14:12,601
VBRIGHTTL,Vitabright Lut Editor,43,12/21/2020, 00:31:01,601
VBRIGHTTL,Vitabright Lut Editor,51,12/21/2020, 01:51:35,601
VBRIGHTTL,Vitabright Lut Editor,51,12/21/2020, 02:30:21,601
VBRIGHTTL,Vitabright Lut Editor,54,12/21/2020, 03:16:49,601
VBRIGHTTL,Vitabright Lut Editor,61,12/21/2020, 04:16:09,601
VBRIGHTTL,Vitabright Lut Editor,70,12/21/2020, 05:14:49,601
VBRIGHTTL,Vitabright Lut Editor,75,12/21/2020, 06:13:21,601
VBRIGHTTL,Vitabright Lut Editor,78,12/21/2020, 07:15:33,601
VBRIGHTTL,Vitabright Lut Editor,81,12/21/2020, 08:14:10,601
VBRIGHTTL,Vitabright Lut Editor,85,12/21/2020, 09:14:51,601
VBRIGHTTL,Vitabright Lut Editor,89,12/21/2020, 10:14:35,601
VBRIGHTTL,Vitabright Lut Editor,92,12/21/2020, 11:12:46,601
VBRIGHTTL,Vitabright Lut Editor,96,12/21/2020, 12:15:28,601
VBRIGHTTL,Vitabright Lut Editor,100,12/21/2020, 13:19:57,601
VBRIGHTTL,Vitabright Lut Editor,101,12/21/2020, 14:13:26,601
VBRIGHTTL,Vitabright Lut Editor,102,12/21/2020, 15:12:17,601
VBRIGHTTL,Vitabright Lut Editor,106,12/21/2020, 16:20:44,601
VBRIGHTTL,Vitabright Lut Editor,108,12/21/2020, 17:33:45,601
VBRIGHTTL,Vitabright Lut Editor,112,12/21/2020, 18:18:52,601
VBRIGHTTL,Vitabright Lut Editor,114,12/21/2020, 19:15:53,601
VBRIGHTTL,Vitabright Lut Editor,120,12/21/2020, 20:11:57,601
VBRIGHTTL,Vitabright Lut Editor,122,12/21/2020, 21:11:18,601
VBRIGHTTL,Vitabright Lut Editor,127,12/21/2020, 22:15:16,601
VBRIGHTTL,Vitabright Lut Editor,133,12/21/2020, 23:17:27,601
VBRIGHTTL,Vitabright Lut Editor,137,12/22/2020, 00:32:20,601
VBRIGHTTL,Vitabright Lut Editor,141,12/22/2020, 01:54:09,601
VBRIGHTTL,Vitabright Lut Editor,142,12/22/2020, 02:34:27,601
VBRIGHTTL,Vitabright Lut Editor,144,12/22/2020, 03:20:05,601
VBRIGHTTL,Vitabright Lut Editor,144,12/22/2020, 04:19:38,601
VBRIGHTTL,Vitabright Lut Editor,146,12/22/2020, 05:18:09,601
VBRIGHTTL,Vitabright Lut Editor,148,12/22/2020, 06:15:27,601
VBRIGHTTL,Vitabright Lut Editor,150,12/22/2020, 07:20:18,601
VBRIGHTTL,Vitabright Lut Editor,151,12/22/2020, 08:16:17,601
VBRIGHTTL,Vitabright Lut Editor,153,12/22/2020, 09:18:39,601
VBRIGHTTL,Vitabright Lut Editor,153,12/22/2020, 10:18:21,601
VBRIGHTTL,Vitabright Lut Editor,154,12/22/2020, 11:15:39,601
VBRIGHTTL,Vitabright Lut Editor,157,12/22/2020, 12:17:59,601
VBRIGHTTL,Vitabright Lut Editor,161,12/22/2020, 13:25:11,601
VBRIGHTTL,Vitabright Lut Editor,161,12/22/2020, 14:15:22,601
VBRIGHTTL,Vitabright Lut Editor,163,12/22/2020, 15:13:56,601
VBRIGHTTL,Vitabright Lut Editor,165,12/22/2020, 16:25:08,601
VBRIGHTTL,Vitabright Lut Editor,166,12/22/2020, 17:38:19,601
VBRIGHTTL,Vitabright Lut Editor,166,12/22/2020, 18:23:14,601
VBRIGHTTL,Vitabright Lut Editor,170,12/22/2020, 19:19:27,601
VBRIGHTTL,Vitabright Lut Editor,176,12/22/2020, 20:12:55,601
VBRIGHTTL,Vitabright Lut Editor,177,12/22/2020, 21:12:09,601
VBRIGHTTL,Vitabright Lut Editor,178,12/22/2020, 22:16:33,601
VBRIGHTTL,Vitabright Lut Editor,182,12/22/2020, 23:18:59,601
VBRIGHTTL,Vitabright Lut Editor,184,12/23/2020, 00:34:09,601
VBRIGHTTL,Vitabright Lut Editor,188,12/23/2020, 01:57:55,601
VBRIGHTTL,Vitabright Lut Editor,189,12/23/2020, 02:44:22,601
VBRIGHTTL,Vitabright Lut Editor,190,12/23/2020, 03:21:24,601
VBRIGHTTL,Vitabright Lut Editor,192,12/23/2020, 04:21:07,601
VBRIGHTTL,Vitabright Lut Editor,194,12/23/2020, 05:20:48,601
VBRIGHTTL,Vitabright Lut Editor,194,12/23/2020, 06:15:31,601
VBRIGHTTL,Vitabright Lut Editor,199,12/23/2020, 07:22:04,601
VBRIGHTTL,Vitabright Lut Editor,202,12/23/2020, 08:17:01,601
VBRIGHTTL,Vitabright Lut Editor,204,12/23/2020, 09:19:36,601
VBRIGHTTL,Vitabright Lut Editor,205,12/23/2020, 10:19:30,601
VBRIGHTTL,Vitabright Lut Editor,206,12/23/2020, 11:16:06,601
VBRIGHTTL,Vitabright Lut Editor,209,12/23/2020, 12:17:46,601
VBRIGHTTL,Vitabright Lut Editor,209,12/23/2020, 13:25:29,601
VBRIGHTTL,Vitabright Lut Editor,210,12/23/2020, 14:15:18,601
VBRIGHTTL,Vitabright Lut Editor,212,12/23/2020, 15:14:17,601
VBRIGHTTL,Vitabright Lut Editor,214,12/23/2020, 16:26:38,601
VBRIGHTTL,Vitabright Lut Editor,214,12/23/2020, 17:41:39,601
VBRIGHTTL,Vitabright Lut Editor,215,12/23/2020, 18:28:29,601
VBRIGHTTL,Vitabright Lut Editor,218,12/23/2020, 19:23:40,601
VBRIGHTTL,Vitabright Lut Editor,220,12/23/2020, 20:13:49,601
VBRIGHTTL,Vitabright Lut Editor,222,12/23/2020, 21:12:42,601
VBRIGHTTL,Vitabright Lut Editor,224,12/23/2020, 22:17:16,601
VBRIGHTTL,Vitabright Lut Editor,225,12/23/2020, 23:20:11,601
VBRIGHTTL,Vitabright Lut Editor,227,12/24/2020, 00:37:06,601
VBRIGHTTL,Vitabright Lut Editor,230,12/24/2020, 02:02:31,601
VBRIGHTTL,Vitabright Lut Editor,230,12/24/2020, 03:23:39,601
VBRIGHTTL,Vitabright Lut Editor,230,12/24/2020, 04:23:16,601
VBRIGHTTL,Vitabright Lut Editor,230,12/24/2020, 05:22:21,601
VBRIGHTTL,Vitabright Lut Editor,231,12/24/2020, 06:16:50,601
VBRIGHTTL,Vitabright Lut Editor,232,12/24/2020, 07:22:35,601
VBRIGHTTL,Vitabright Lut Editor,232,12/24/2020, 08:17:25,601
VBRIGHTTL,Vitabright Lut Editor,232,12/24/2020, 09:20:00,601
VBRIGHTTL,Vitabright Lut Editor,235,12/24/2020, 10:19:55,601
VBRIGHTTL,Vitabright Lut Editor,236,12/24/2020, 11:16:36,601
VBRIGHTTL,Vitabright Lut Editor,237,12/24/2020, 12:17:45,601
VBRIGHTTL,Vitabright Lut Editor,238,12/24/2020, 13:25:48,601
VBRIGHTTL,Vitabright Lut Editor,238,12/24/2020, 14:15:23,601
VBRIGHTTL,Vitabright Lut Editor,238,12/24/2020, 15:14:12,601
VBRIGHTTL,Vitabright Lut Editor,239,12/24/2020, 16:27:12,601
VBRIGHTTL,Vitabright Lut Editor,244,12/24/2020, 17:43:06,601
VBRIGHTTL,Vitabright Lut Editor,245,12/24/2020, 18:29:39,601
VBRIGHTTL,Vitabright Lut Editor,247,12/24/2020, 19:25:12,601
VBRIGHTTL,Vitabright Lut Editor,250,12/24/2020, 20:14:01,601
VBRIGHTTL,Vitabright Lut Editor,251,12/24/2020, 21:12:33,601
VBRIGHTTL,Vitabright Lut Editor,253,12/24/2020, 22:15:54,601
VBRIGHTTL,Vitabright Lut Editor,253,12/24/2020, 23:18:43,601
VBRIGHTTL,Vitabright Lut Editor,254,12/25/2020, 00:34:27,601
VBRIGHTTL,Vitabright Lut Editor,254,12/25/2020, 01:58:59,601
VBRIGHTTL,Vitabright Lut Editor,254,12/25/2020, 02:44:31,601
VBRIGHTTL,Vitabright Lut Editor,254,12/25/2020, 03:19:49,601
VBRIGHTTL,Vitabright Lut Editor,255,12/25/2020, 04:18:34,601
VBRIGHTTL,Vitabright Lut Editor,256,12/25/2020, 05:18:00,601
VBRIGHTTL,Vitabright Lut Editor,256,12/25/2020, 06:13:32,601
VBRIGHTTL,Vitabright Lut Editor,258,12/25/2020, 07:17:59,601
VBRIGHTTL,Vitabright Lut Editor,259,12/25/2020, 08:14:37,601
VBRIGHTTL,Vitabright Lut Editor,260,12/25/2020, 09:16:49,601
VBRIGHTTL,Vitabright Lut Editor,261,12/25/2020, 10:16:32,601
VBRIGHTTL,Vitabright Lut Editor,262,12/25/2020, 11:13:19,601
VBRIGHTTL,Vitabright Lut Editor,263,12/25/2020, 12:15:36,601
VBRIGHTTL,Vitabright Lut Editor,265,12/25/2020, 13:21:47,601
VBRIGHTTL,Vitabright Lut Editor,266,12/25/2020, 14:12:35,601
VBRIGHTTL,Vitabright Lut Editor,266,12/25/2020, 15:11:44,601
VBRIGHTTL,Vitabright Lut Editor,267,12/25/2020, 16:22:31,601
VBRIGHTTL,Vitabright Lut Editor,268,12/25/2020, 17:39:07,601
VBRIGHTTL,Vitabright Lut Editor,268,12/25/2020, 18:24:15,601
VBRIGHTTL,Vitabright Lut Editor,269,12/25/2020, 19:20:20,601
VBRIGHTTL,Vitabright Lut Editor,269,12/25/2020, 20:11:13,601
VBRIGHTTL,Vitabright Lut Editor,270,12/25/2020, 21:10:19,601
VBRIGHTTL,Vitabright Lut Editor,271,12/25/2020, 22:14:44,601
VBRIGHTTL,Vitabright Lut Editor,273,12/25/2020, 23:17:53,601
VBRIGHTTL,Vitabright Lut Editor,280,12/26/2020, 00:33:18,601
VBRIGHTTL,Vitabright Lut Editor,284,12/26/2020, 01:57:56,601
VBRIGHTTL,Vitabright Lut Editor,286,12/26/2020, 02:43:07,601
VBRIGHTTL,Vitabright Lut Editor,286,12/26/2020, 03:19:41,601
VBRIGHTTL,Vitabright Lut Editor,287,12/26/2020, 04:18:43,601
VBRIGHTTL,Vitabright Lut Editor,287,12/26/2020, 05:18:12,601
VBRIGHTTL,Vitabright Lut Editor,288,12/26/2020, 06:13:24,601
VBRIGHTTL,Vitabright Lut Editor,290,12/26/2020, 07:18:13,601
VBRIGHTTL,Vitabright Lut Editor,290,12/26/2020, 08:14:08,601
VBRIGHTTL,Vitabright Lut Editor,291,12/26/2020, 09:16:32,601
VBRIGHTTL,Vitabright Lut Editor,293,12/26/2020, 10:16:23,601
VBRIGHTTL,Vitabright Lut Editor,295,12/26/2020, 11:13:23,601
VBRIGHTTL,Vitabright Lut Editor,298,12/26/2020, 12:15:31,601
VBRIGHTTL,Vitabright Lut Editor,298,12/26/2020, 13:21:26,601
VBRIGHTTL,Vitabright Lut Editor,299,12/26/2020, 14:12:20,601
VBRIGHTTL,Vitabright Lut Editor,299,12/26/2020, 15:11:01,601
VBRIGHTTL,Vitabright Lut Editor,301,12/26/2020, 16:21:50,601
VBRIGHTTL,Vitabright Lut Editor,304,12/26/2020, 17:39:25,601
VBRIGHTTL,Vitabright Lut Editor,304,12/26/2020, 18:24:32,601
VBRIGHTTL,Vitabright Lut Editor,305,12/26/2020, 19:20:18,601
VBRIGHTTL,Vitabright Lut Editor,305,12/26/2020, 20:10:55,601
VBRIGHTTL,Vitabright Lut Editor,307,12/26/2020, 21:10:15,601
VBRIGHTTL,Vitabright Lut Editor,308,12/26/2020, 22:14:47,601
VBRIGHTTL,Vitabright Lut Editor,308,12/26/2020, 23:18:08,601
VBRIGHTTL,Vitabright Lut Editor,309,12/27/2020, 00:35:18,601
VBRIGHTTL,Vitabright Lut Editor,311,12/27/2020, 02:03:18,601
VBRIGHTTL,Vitabright Lut Editor,311,12/27/2020, 03:20:31,601
VBRIGHTTL,Vitabright Lut Editor,312,12/27/2020, 04:19:46,601
VBRIGHTTL,Vitabright Lut Editor,314,12/27/2020, 05:19:01,601
VBRIGHTTL,Vitabright Lut Editor,316,12/27/2020, 06:13:16,601
VBRIGHTTL,Vitabright Lut Editor,316,12/27/2020, 07:18:38,601
VBRIGHTTL,Vitabright Lut Editor,316,12/27/2020, 08:14:32,601
VBRIGHTTL,Vitabright Lut Editor,316,12/27/2020, 09:16:56,601
VBRIGHTTL,Vitabright Lut Editor,318,12/27/2020, 10:16:55,601
VBRIGHTTL,Vitabright Lut Editor,318,12/27/2020, 11:13:46,601
VBRIGHTTL,Vitabright Lut Editor,319,12/27/2020, 12:15:28,601
VBRIGHTTL,Vitabright Lut Editor,319,12/27/2020, 13:21:45,601
VBRIGHTTL,Vitabright Lut Editor,320,12/27/2020, 14:12:25,601
VBRIGHTTL,Vitabright Lut Editor,321,12/27/2020, 15:11:19,601
VBRIGHTTL,Vitabright Lut Editor,321,12/27/2020, 16:22:09,601
VBRIGHTTL,Vitabright Lut Editor,322,12/27/2020, 17:40:20,601
VBRIGHTTL,Vitabright Lut Editor,324,12/27/2020, 18:25:59,601
VBRIGHTTL,Vitabright Lut Editor,324,12/27/2020, 19:21:02,601
VBRIGHTTL,Vitabright Lut Editor,324,12/27/2020, 20:11:19,601
VBRIGHTTL,Vitabright Lut Editor,325,12/27/2020, 21:10:23,601
VBRIGHTTL,Vitabright Lut Editor,328,12/27/2020, 22:15:07,601
VBRIGHTTL,Vitabright Lut Editor,331,12/27/2020, 23:18:41,601
VBRIGHTTL,Vitabright Lut Editor,334,12/28/2020, 00:35:32,601
VBRIGHTTL,Vitabright Lut Editor,340,12/28/2020, 02:03:13,601
VBRIGHTTL,Vitabright Lut Editor,341,12/28/2020, 03:21:21,601
VBRIGHTTL,Vitabright Lut Editor,341,12/28/2020, 04:21:01,601
VBRIGHTTL,Vitabright Lut Editor,341,12/28/2020, 05:20:19,601
VBRIGHTTL,Vitabright Lut Editor,342,12/28/2020, 06:14:30,601
VBRIGHTTL,Vitabright Lut Editor,343,12/28/2020, 07:20:16,601
VBRIGHTTL,Vitabright Lut Editor,343,12/28/2020, 08:15:36,601
VBRIGHTTL,Vitabright Lut Editor,343,12/28/2020, 09:18:04,601
VBRIGHTTL,Vitabright Lut Editor,346,12/28/2020, 10:18:21,601
VBRIGHTTL,Vitabright Lut Editor,347,12/28/2020, 11:14:50,601
VBRIGHTTL,Vitabright Lut Editor,348,12/28/2020, 12:15:57,601
VBRIGHTTL,Vitabright Lut Editor,348,12/28/2020, 13:23:55,601
VBRIGHTTL,Vitabright Lut Editor,348,12/28/2020, 14:13:42,601
VBRIGHTTL,Vitabright Lut Editor,348,12/28/2020, 15:12:09,601
VBRIGHTTL,Vitabright Lut Editor,348,12/28/2020, 16:24:29,601
VBRIGHTTL,Vitabright Lut Editor,349,12/28/2020, 17:43:13,601
VBRIGHTTL,Vitabright Lut Editor,349,12/28/2020, 18:30:06,601
VBRIGHTTL,Vitabright Lut Editor,351,12/28/2020, 19:24:38,601
VBRIGHTTL,Vitabright Lut Editor,352,12/28/2020, 20:13:31,601
VBRIGHTTL,Vitabright Lut Editor,353,12/28/2020, 21:11:22,601
VBRIGHTTL,Vitabright Lut Editor,355,12/28/2020, 22:15:57,601
VBRIGHTTL,Vitabright Lut Editor,357,12/28/2020, 23:20:30,601
VBRIGHTTL,Vitabright Lut Editor,358,12/29/2020, 00:36:28,601
VBRIGHTTL,Vitabright Lut Editor,358,12/29/2020, 02:04:46,601
VBRIGHTTL,Vitabright Lut Editor,359,12/29/2020, 03:23:22,601
VBRIGHTTL,Vitabright Lut Editor,360,12/29/2020, 04:23:51,601
VBRIGHTTL,Vitabright Lut Editor,360,12/29/2020, 05:22:47,601
VBRIGHTTL,Vitabright Lut Editor,360,12/29/2020, 06:16:05,601
VBRIGHTTL,Vitabright Lut Editor,361,12/29/2020, 07:21:48,601
VBRIGHTTL,Vitabright Lut Editor,361,12/29/2020, 08:16:54,601
VBRIGHTTL,Vitabright Lut Editor,361,12/29/2020, 09:20:35,601
VBRIGHTTL,Vitabright Lut Editor,361,12/29/2020, 10:20:36,601
VBRIGHTTL,Vitabright Lut Editor,361,12/29/2020, 11:17:22,601
VBRIGHTTL,Vitabright Lut Editor,363,12/29/2020, 12:17:03,601
VBRIGHTTL,Vitabright Lut Editor,366,12/29/2020, 13:26:32,601
VBRIGHTTL,Vitabright Lut Editor,367,12/29/2020, 14:14:54,601
VBRIGHTTL,Vitabright Lut Editor,370,12/29/2020, 15:13:06,601
VBRIGHTTL,Vitabright Lut Editor,372,12/29/2020, 16:27:52,601
VBRIGHTTL,Vitabright Lut Editor,374,12/29/2020, 17:47:47,601
VBRIGHTTL,Vitabright Lut Editor,375,12/29/2020, 18:35:25,601
VBRIGHTTL,Vitabright Lut Editor,375,12/29/2020, 19:30:25,601
VBRIGHTTL,Vitabright Lut Editor,376,12/29/2020, 20:16:36,601
VBRIGHTTL,Vitabright Lut Editor,378,12/29/2020, 21:12:47,601
VBRIGHTTL,Vitabright Lut Editor,382,12/29/2020, 22:17:57,601
VBRIGHTTL,Vitabright Lut Editor,385,12/29/2020, 23:22:50,601
VBRIGHTTL,Vitabright Lut Editor,386,12/30/2020, 00:37:47,601
VBRIGHTTL,Vitabright Lut Editor,390,12/30/2020, 02:06:43,601
VBRIGHTTL,Vitabright Lut Editor,392,12/30/2020, 03:23:20,601
VBRIGHTTL,Vitabright Lut Editor,392,12/30/2020, 04:23:23,601
VBRIGHTTL,Vitabright Lut Editor,393,12/30/2020, 05:22:53,601
VBRIGHTTL,Vitabright Lut Editor,396,12/30/2020, 06:16:08,601
VBRIGHTTL,Vitabright Lut Editor,398,12/30/2020, 07:22:14,601
VBRIGHTTL,Vitabright Lut Editor,398,12/30/2020, 08:17:02,601
VBRIGHTTL,Vitabright Lut Editor,398,12/30/2020, 09:20:27,601
VBRIGHTTL,Vitabright Lut Editor,398,12/30/2020, 10:20:34,601
VBRIGHTTL,Vitabright Lut Editor,398,12/30/2020, 11:17:25,601
VBRIGHTTL,Vitabright Lut Editor,400,12/30/2020, 12:16:30,601
VBRIGHTTL,Vitabright Lut Editor,404,12/30/2020, 13:26:00,601
VBRIGHTTL,Vitabright Lut Editor,404,12/30/2020, 14:14:26,601
VBRIGHTTL,Vitabright Lut Editor,405,12/30/2020, 15:12:46,601
VBRIGHTTL,Vitabright Lut Editor,405,12/30/2020, 16:26:52,601
VBRIGHTTL,Vitabright Lut Editor,406,12/30/2020, 17:47:57,601
VBRIGHTTL,Vitabright Lut Editor,407,12/30/2020, 18:35:16,601
VBRIGHTTL,Vitabright Lut Editor,407,12/30/2020, 19:30:47,601
VBRIGHTTL,Vitabright Lut Editor,408,12/30/2020, 20:16:59,601
VBRIGHTTL,Vitabright Lut Editor,409,12/30/2020, 21:13:45,601
VBRIGHTTL,Vitabright Lut Editor,411,12/30/2020, 22:17:18,601
VBRIGHTTL,Vitabright Lut Editor,411,12/30/2020, 23:21:41,601
VBRIGHTTL,Vitabright Lut Editor,412,12/31/2020, 00:39:52,601
VBRIGHTTL,Vitabright Lut Editor,413,12/31/2020, 02:10:05,601
VBRIGHTTL,Vitabright Lut Editor,415,12/31/2020, 03:25:23,601
VBRIGHTTL,Vitabright Lut Editor,418,12/31/2020, 04:26:05,601
VBRIGHTTL,Vitabright Lut Editor,418,12/31/2020, 05:25:42,601
VBRIGHTTL,Vitabright Lut Editor,418,12/31/2020, 06:19:21,601
VBRIGHTTL,Vitabright Lut Editor,418,12/31/2020, 07:24:32,601
VBRIGHTTL,Vitabright Lut Editor,419,12/31/2020, 08:20:56,601
VBRIGHTTL,Vitabright Lut Editor,419,12/31/2020, 09:23:12,601
VBRIGHTTL,Vitabright Lut Editor,420,12/31/2020, 10:24:45,601
VBRIGHTTL,Vitabright Lut Editor,421,12/31/2020, 11:21:44,601
VBRIGHTTL,Vitabright Lut Editor,424,12/31/2020, 12:19:24,601
VBRIGHTTL,Vitabright Lut Editor,424,12/31/2020, 13:29:55,601
VBRIGHTTL,Vitabright Lut Editor,424,12/31/2020, 14:18:49,601
VBRIGHTTL,Vitabright Lut Editor,425,12/31/2020, 15:15:13,601
VBRIGHTTL,Vitabright Lut Editor,425,12/31/2020, 16:30:21,601
VBRIGHTTL,Vitabright Lut Editor,427,12/31/2020, 17:52:37,601
VBRIGHTTL,Vitabright Lut Editor,427,12/31/2020, 18:38:08,601
VBRIGHTTL,Vitabright Lut Editor,427,12/31/2020, 19:30:05,601
VBRIGHTTL,Vitabright Lut Editor,429,12/31/2020, 20:15:45,601
VBRIGHTTL,Vitabright Lut Editor,429,12/31/2020, 21:11:33,601
VBRIGHTTL,Vitabright Lut Editor,429,12/31/2020, 22:16:11,601
VBRIGHTTL,Vitabright Lut Editor,431,12/31/2020, 23:21:54,601
VBRIGHTTL,Vitabright Lut Editor,432,01/01/2021, 00:39:37,601
VBRIGHTTL,Vitabright Lut Editor,434,01/01/2021, 02:12:31,601
VBRIGHTTL,Vitabright Lut Editor,434,01/01/2021, 03:24:48,601
VBRIGHTTL,Vitabright Lut Editor,437,01/01/2021, 04:24:24,601
VBRIGHTTL,Vitabright Lut Editor,438,01/01/2021, 05:23:31,601
VBRIGHTTL,Vitabright Lut Editor,439,01/01/2021, 06:16:56,601
VBRIGHTTL,Vitabright Lut Editor,439,01/01/2021, 07:22:35,601
VBRIGHTTL,Vitabright Lut Editor,440,01/01/2021, 08:18:27,601
VBRIGHTTL,Vitabright Lut Editor,441,01/01/2021, 09:22:03,601
VBRIGHTTL,Vitabright Lut Editor,443,01/01/2021, 10:22:39,601
VBRIGHTTL,Vitabright Lut Editor,444,01/01/2021, 11:19:53,601
VBRIGHTTL,Vitabright Lut Editor,445,01/01/2021, 12:17:27,601
VBRIGHTTL,Vitabright Lut Editor,445,01/01/2021, 13:27:12,601
VBRIGHTTL,Vitabright Lut Editor,446,01/01/2021, 14:15:24,601
VBRIGHTTL,Vitabright Lut Editor,448,01/01/2021, 15:13:24,601
VBRIGHTTL,Vitabright Lut Editor,449,01/01/2021, 16:27:24,601
VBRIGHTTL,Vitabright Lut Editor,449,01/01/2021, 17:47:30,601
VBRIGHTTL,Vitabright Lut Editor,451,01/01/2021, 18:33:22,601
VBRIGHTTL,Vitabright Lut Editor,452,01/01/2021, 19:29:02,601
VBRIGHTTL,Vitabright Lut Editor,452,01/01/2021, 20:15:34,601
VBRIGHTTL,Vitabright Lut Editor,453,01/01/2021, 21:11:55,601
VBRIGHTTL,Vitabright Lut Editor,453,01/01/2021, 22:16:59,601
VBRIGHTTL,Vitabright Lut Editor,453,01/01/2021, 23:22:19,601
VBRIGHTTL,Vitabright Lut Editor,455,01/02/2021, 00:38:17,601
VBRIGHTTL,Vitabright Lut Editor,456,01/02/2021, 02:09:08,601
VBRIGHTTL,Vitabright Lut Editor,458,01/02/2021, 03:24:12,601
VBRIGHTTL,Vitabright Lut Editor,462,01/02/2021, 04:25:20,601
VBRIGHTTL,Vitabright Lut Editor,464,01/02/2021, 05:24:14,601
VBRIGHTTL,Vitabright Lut Editor,464,01/02/2021, 06:17:21,601
VBRIGHTTL,Vitabright Lut Editor,464,01/02/2021, 07:22:44,601
VBRIGHTTL,Vitabright Lut Editor,465,01/02/2021, 08:17:38,601
VBRIGHTTL,Vitabright Lut Editor,466,01/02/2021, 09:20:51,601
VBRIGHTTL,Vitabright Lut Editor,466,01/02/2021, 10:21:31,601
VBRIGHTTL,Vitabright Lut Editor,469,01/02/2021, 11:18:25,601
VBRIGHTTL,Vitabright Lut Editor,469,01/02/2021, 12:16:12,601
VBRIGHTTL,Vitabright Lut Editor,469,01/02/2021, 13:25:18,601
VBRIGHTTL,Vitabright Lut Editor,469,01/02/2021, 14:13:42,601
VBRIGHTTL,Vitabright Lut Editor,470,01/02/2021, 15:12:08,601
VBRIGHTTL,Vitabright Lut Editor,471,01/02/2021, 16:26:09,601
VBRIGHTTL,Vitabright Lut Editor,477,01/02/2021, 17:46:47,601
VBRIGHTTL,Vitabright Lut Editor,477,01/02/2021, 18:32:05,601
VBRIGHTTL,Vitabright Lut Editor,477,01/02/2021, 19:27:36,601
VBRIGHTTL,Vitabright Lut Editor,479,01/02/2021, 20:14:56,601
VBRIGHTTL,Vitabright Lut Editor,479,01/02/2021, 21:11:27,601
VBRIGHTTL,Vitabright Lut Editor,482,01/02/2021, 22:16:45,601
VBRIGHTTL,Vitabright Lut Editor,483,01/02/2021, 23:22:35,601
VBRIGHTTL,Vitabright Lut Editor,484,01/03/2021, 00:40:21,601
VBRIGHTTL,Vitabright Lut Editor,487,01/03/2021, 02:14:27,601
VBRIGHTTL,Vitabright Lut Editor,487,01/03/2021, 03:26:40,601
VBRIGHTTL,Vitabright Lut Editor,488,01/03/2021, 04:25:26,601
VBRIGHTTL,Vitabright Lut Editor,489,01/03/2021, 05:24:36,601
VBRIGHTTL,Vitabright Lut Editor,490,01/03/2021, 06:17:17,601
VBRIGHTTL,Vitabright Lut Editor,490,01/03/2021, 07:23:36,601
VBRIGHTTL,Vitabright Lut Editor,492,01/03/2021, 08:18:56,601
VBRIGHTTL,Vitabright Lut Editor,492,01/03/2021, 09:22:33,601
VBRIGHTTL,Vitabright Lut Editor,493,01/03/2021, 10:22:49,601
VBRIGHTTL,Vitabright Lut Editor,493,01/03/2021, 11:20:03,601
VBRIGHTTL,Vitabright Lut Editor,494,01/03/2021, 12:16:50,601
VBRIGHTTL,Vitabright Lut Editor,496,01/03/2021, 13:26:42,601
VBRIGHTTL,Vitabright Lut Editor,498,01/03/2021, 14:14:37,601
VBRIGHTTL,Vitabright Lut Editor,498,01/03/2021, 15:12:34,601
VBRIGHTTL,Vitabright Lut Editor,500,01/03/2021, 16:27:27,601
VBRIGHTTL,Vitabright Lut Editor,502,01/03/2021, 17:49:09,601
VBRIGHTTL,Vitabright Lut Editor,505,01/03/2021, 18:32:46,601
VBRIGHTTL,Vitabright Lut Editor,505,01/03/2021, 19:28:50,601
VBRIGHTTL,Vitabright Lut Editor,507,01/03/2021, 20:16:20,601
VBRIGHTTL,Vitabright Lut Editor,509,01/03/2021, 21:12:28,601
VBRIGHTTL,Vitabright Lut Editor,509,01/03/2021, 22:17:37,601
VBRIGHTTL,Vitabright Lut Editor,510,01/03/2021, 23:23:21,601
VBRIGHTTL,Vitabright Lut Editor,511,01/04/2021, 00:41:25,601
VBRIGHTTL,Vitabright Lut Editor,511,01/04/2021, 02:15:54,601
VBRIGHTTL,Vitabright Lut Editor,511,01/04/2021, 03:28:14,601
VBRIGHTTL,Vitabright Lut Editor,513,01/04/2021, 04:27:16,601
VBRIGHTTL,Vitabright Lut Editor,514,01/04/2021, 05:25:39,601
VBRIGHTTL,Vitabright Lut Editor,514,01/04/2021, 06:19:12,601
VBRIGHTTL,Vitabright Lut Editor,515,01/04/2021, 07:24:47,601
VBRIGHTTL,Vitabright Lut Editor,515,01/04/2021, 08:21:39,601
VBRIGHTTL,Vitabright Lut Editor,516,01/04/2021, 09:24:19,601
VBRIGHTTL,Vitabright Lut Editor,516,01/04/2021, 10:25:23,601
VBRIGHTTL,Vitabright Lut Editor,516,01/04/2021, 11:22:08,601
VBRIGHTTL,Vitabright Lut Editor,516,01/04/2021, 12:18:14,601
VBRIGHTTL,Vitabright Lut Editor,516,01/04/2021, 13:29:07,601
VBRIGHTTL,Vitabright Lut Editor,517,01/04/2021, 14:17:52,601
VBRIGHTTL,Vitabright Lut Editor,517,01/04/2021, 15:13:56,601
VBRIGHTTL,Vitabright Lut Editor,518,01/04/2021, 16:29:23,601
VBRIGHTTL,Vitabright Lut Editor,519,01/04/2021, 17:52:46,601
VBRIGHTTL,Vitabright Lut Editor,519,01/04/2021, 18:34:58,601
VBRIGHTTL,Vitabright Lut Editor,520,01/04/2021, 19:28:19,601
VBRIGHTTL,Vitabright Lut Editor,520,01/04/2021, 20:17:25,601
VBRIGHTTL,Vitabright Lut Editor,520,01/04/2021, 21:13:17,601
VBRIGHTTL,Vitabright Lut Editor,520,01/04/2021, 22:17:55,601
VBRIGHTTL,Vitabright Lut Editor,521,01/04/2021, 23:24:29,601
VBRIGHTTL,Vitabright Lut Editor,523,01/05/2021, 00:41:27,601
VBRIGHTTL,Vitabright Lut Editor,523,01/05/2021, 02:16:29,601
VBRIGHTTL,Vitabright Lut Editor,523,01/05/2021, 03:28:23,601
VBRIGHTTL,Vitabright Lut Editor,525,01/05/2021, 04:27:58,601
VBRIGHTTL,Vitabright Lut Editor,526,01/05/2021, 05:26:09,601
VBRIGHTTL,Vitabright Lut Editor,529,01/05/2021, 06:19:18,601
VBRIGHTTL,Vitabright Lut Editor,531,01/05/2021, 07:25:23,601
VBRIGHTTL,Vitabright Lut Editor,531,01/05/2021, 08:22:22,601
VBRIGHTTL,Vitabright Lut Editor,531,01/05/2021, 09:25:24,601
VBRIGHTTL,Vitabright Lut Editor,532,01/05/2021, 10:25:41,601
VBRIGHTTL,Vitabright Lut Editor,533,01/05/2021, 11:22:31,601
VBRIGHTTL,Vitabright Lut Editor,533,01/05/2021, 12:18:15,601
VBRIGHTTL,Vitabright Lut Editor,533,01/05/2021, 13:29:29,601
VBRIGHTTL,Vitabright Lut Editor,533,01/05/2021, 14:18:09,601
VBRIGHTTL,Vitabright Lut Editor,534,01/05/2021, 15:14:10,601
VBRIGHTTL,Vitabright Lut Editor,536,01/05/2021, 16:30:21,601
VBRIGHTTL,Vitabright Lut Editor,538,01/05/2021, 17:58:14,601
VBRIGHTTL,Vitabright Lut Editor,539,01/05/2021, 18:43:42,601
VBRIGHTTL,Vitabright Lut Editor,541,01/05/2021, 19:28:56,601
VBRIGHTTL,Vitabright Lut Editor,541,01/05/2021, 20:18:07,601
VBRIGHTTL,Vitabright Lut Editor,541,01/05/2021, 21:13:21,601
VBRIGHTTL,Vitabright Lut Editor,541,01/05/2021, 22:18:25,601
VBRIGHTTL,Vitabright Lut Editor,541,01/05/2021, 23:25:26,601
VBRIGHTTL,Vitabright Lut Editor,543,01/06/2021, 00:41:28,601
VBRIGHTTL,Vitabright Lut Editor,545,01/06/2021, 02:17:22,601
VBRIGHTTL,Vitabright Lut Editor,548,01/06/2021, 03:29:51,601
VBRIGHTTL,Vitabright Lut Editor,548,01/06/2021, 04:28:45,601
VBRIGHTTL,Vitabright Lut Editor,548,01/06/2021, 05:27:48,601
VBRIGHTTL,Vitabright Lut Editor,549,01/06/2021, 06:19:46,601
VBRIGHTTL,Vitabright Lut Editor,549,01/06/2021, 07:26:42,601
VBRIGHTTL,Vitabright Lut Editor,549,01/06/2021, 08:21:56,601
VBRIGHTTL,Vitabright Lut Editor,549,01/06/2021, 09:25:53,601
VBRIGHTTL,Vitabright Lut Editor,550,01/06/2021, 10:26:37,601
VBRIGHTTL,Vitabright Lut Editor,550,01/06/2021, 11:22:55,601
VBRIGHTTL,Vitabright Lut Editor,550,01/06/2021, 12:18:36,601
VBRIGHTTL,Vitabright Lut Editor,553,01/06/2021, 13:29:49,601
