VHBB00001,Vita HomeBrew Browser,52072,06/18/2020, 12:35:47,205
VHBB00001,Vita HomeBrew Browser,52072,06/18/2020, 13:04:35,205
VHBB00001,Vita HomeBrew Browser,52074,06/18/2020, 14:06:21,205
VHBB00001,Vita HomeBrew Browser,52075,06/18/2020, 15:04:55,205
VHBB00001,Vita HomeBrew Browser,52080,06/18/2020, 16:05:12,205
VHBB00001,Vita HomeBrew Browser,52080,06/18/2020, 17:05:41,205
VHBB00001,Vita HomeBrew Browser,52082,06/18/2020, 18:05:02,205
VHBB00001,Vita HomeBrew Browser,52084,06/18/2020, 19:04:27,205
VHBB00001,Vita HomeBrew Browser,52086,06/18/2020, 20:05:19,205
VHBB00001,Vita HomeBrew Browser,52087,06/18/2020, 21:05:10,205
VHBB00001,Vita HomeBrew Browser,52090,06/18/2020, 22:04:46,205
VHBB00001,Vita HomeBrew Browser,52091,06/18/2020, 23:05:11,205
VHBB00001,Vita HomeBrew Browser,52092,06/19/2020, 00:13:11,205
VHBB00001,Vita HomeBrew Browser,52095,06/19/2020, 01:06:05,205
VHBB00001,Vita HomeBrew Browser,52098,06/19/2020, 02:04:57,205
VHBB00001,Vita HomeBrew Browser,52099,06/19/2020, 03:04:46,205
VHBB00001,Vita HomeBrew Browser,52103,06/19/2020, 04:05:13,205
VHBB00001,Vita HomeBrew Browser,52108,06/19/2020, 05:06:07,205
VHBB00001,Vita HomeBrew Browser,52111,06/19/2020, 06:06:05,205
VHBB00001,Vita HomeBrew Browser,52111,06/19/2020, 07:05:04,205
VHBB00001,Vita HomeBrew Browser,52113,06/19/2020, 08:06:41,205
VHBB00001,Vita HomeBrew Browser,52113,06/19/2020, 09:04:55,205
VHBB00001,Vita HomeBrew Browser,52113,06/19/2020, 10:04:43,205
VHBB00001,Vita HomeBrew Browser,52114,06/19/2020, 11:04:34,205
VHBB00001,Vita HomeBrew Browser,52116,06/19/2020, 12:06:20,205
VHBB00001,Vita HomeBrew Browser,52117,06/19/2020, 13:04:42,205
VHBB00001,Vita HomeBrew Browser,52119,06/19/2020, 14:05:08,205
VHBB00001,Vita HomeBrew Browser,52119,06/19/2020, 15:04:58,205
VHBB00001,Vita HomeBrew Browser,52120,06/19/2020, 16:05:19,205
VHBB00001,Vita HomeBrew Browser,52121,06/19/2020, 17:04:50,205
VHBB00001,Vita HomeBrew Browser,52125,06/19/2020, 18:05:08,205
VHBB00001,Vita HomeBrew Browser,52129,06/19/2020, 19:04:30,205
VHBB00001,Vita HomeBrew Browser,52129,06/19/2020, 20:05:26,205
VHBB00001,Vita HomeBrew Browser,52131,06/19/2020, 21:04:53,205
VHBB00001,Vita HomeBrew Browser,52131,06/19/2020, 22:04:36,205
VHBB00001,Vita HomeBrew Browser,52132,06/19/2020, 23:04:21,205
VHBB00001,Vita HomeBrew Browser,52135,06/20/2020, 00:12:44,205
VHBB00001,Vita HomeBrew Browser,52136,06/20/2020, 01:05:16,205
VHBB00001,Vita HomeBrew Browser,52139,06/20/2020, 02:05:48,205
VHBB00001,Vita HomeBrew Browser,52139,06/20/2020, 03:05:55,205
VHBB00001,Vita HomeBrew Browser,52140,06/20/2020, 04:06:13,205
VHBB00001,Vita HomeBrew Browser,52142,06/20/2020, 05:05:00,205
VHBB00001,Vita HomeBrew Browser,52142,06/20/2020, 06:05:56,205
VHBB00001,Vita HomeBrew Browser,52144,06/20/2020, 07:06:07,205
VHBB00001,Vita HomeBrew Browser,52146,06/20/2020, 08:05:12,205
VHBB00001,Vita HomeBrew Browser,52148,06/20/2020, 09:05:33,205
VHBB00001,Vita HomeBrew Browser,52148,06/20/2020, 10:05:49,205
VHBB00001,Vita HomeBrew Browser,52150,06/20/2020, 11:05:49,205
VHBB00001,Vita HomeBrew Browser,52152,06/20/2020, 12:06:20,205
VHBB00001,Vita HomeBrew Browser,52152,06/20/2020, 13:05:02,205
VHBB00001,Vita HomeBrew Browser,52154,06/20/2020, 14:05:52,205
VHBB00001,Vita HomeBrew Browser,52156,06/20/2020, 15:04:41,205
VHBB00001,Vita HomeBrew Browser,52156,06/20/2020, 16:05:09,205
VHBB00001,Vita HomeBrew Browser,52159,06/20/2020, 17:05:16,205
VHBB00001,Vita HomeBrew Browser,52162,06/20/2020, 18:05:07,205
VHBB00001,Vita HomeBrew Browser,52162,06/20/2020, 19:05:51,205
VHBB00001,Vita HomeBrew Browser,52162,06/20/2020, 20:05:20,205
VHBB00001,Vita HomeBrew Browser,52163,06/20/2020, 21:05:02,205
VHBB00001,Vita HomeBrew Browser,52165,06/20/2020, 22:04:21,205
VHBB00001,Vita HomeBrew Browser,52169,06/20/2020, 23:06:32,205
VHBB00001,Vita HomeBrew Browser,52172,06/21/2020, 00:13:56,205
VHBB00001,Vita HomeBrew Browser,52174,06/21/2020, 01:05:05,205
VHBB00001,Vita HomeBrew Browser,52175,06/21/2020, 02:09:09,205
VHBB00001,Vita HomeBrew Browser,52175,06/21/2020, 03:05:06,205
VHBB00001,Vita HomeBrew Browser,52179,06/21/2020, 04:06:08,205
VHBB00001,Vita HomeBrew Browser,52180,06/21/2020, 05:04:41,205
VHBB00001,Vita HomeBrew Browser,52183,06/21/2020, 06:06:03,205
VHBB00001,Vita HomeBrew Browser,52185,06/21/2020, 07:04:56,205
VHBB00001,Vita HomeBrew Browser,52188,06/21/2020, 08:05:14,205
VHBB00001,Vita HomeBrew Browser,52191,06/21/2020, 09:05:00,205
VHBB00001,Vita HomeBrew Browser,52191,06/21/2020, 10:06:08,205
VHBB00001,Vita HomeBrew Browser,52192,06/21/2020, 11:05:57,205
VHBB00001,Vita HomeBrew Browser,52193,06/21/2020, 12:06:15,205
VHBB00001,Vita HomeBrew Browser,52195,06/21/2020, 13:04:49,205
VHBB00001,Vita HomeBrew Browser,52197,06/21/2020, 14:05:51,205
VHBB00001,Vita HomeBrew Browser,52197,06/21/2020, 15:05:39,205
VHBB00001,Vita HomeBrew Browser,52198,06/21/2020, 16:04:51,205
VHBB00001,Vita HomeBrew Browser,52199,06/21/2020, 17:04:40,205
VHBB00001,Vita HomeBrew Browser,52201,06/21/2020, 18:05:32,205
VHBB00001,Vita HomeBrew Browser,52206,06/21/2020, 19:06:02,205
VHBB00001,Vita HomeBrew Browser,52212,06/21/2020, 20:05:29,205
VHBB00001,Vita HomeBrew Browser,52213,06/21/2020, 21:04:52,205
VHBB00001,Vita HomeBrew Browser,52215,06/21/2020, 22:04:51,205
VHBB00001,Vita HomeBrew Browser,52217,06/21/2020, 23:04:58,205
VHBB00001,Vita HomeBrew Browser,52221,06/22/2020, 00:13:04,205
VHBB00001,Vita HomeBrew Browser,52222,06/22/2020, 01:05:16,205
VHBB00001,Vita HomeBrew Browser,52222,06/22/2020, 02:05:28,205
VHBB00001,Vita HomeBrew Browser,52224,06/22/2020, 03:05:02,205
VHBB00001,Vita HomeBrew Browser,52225,06/22/2020, 04:05:20,205
VHBB00001,Vita HomeBrew Browser,52225,06/22/2020, 05:05:04,205
VHBB00001,Vita HomeBrew Browser,52228,06/22/2020, 06:06:04,205
VHBB00001,Vita HomeBrew Browser,52229,06/22/2020, 07:04:51,205
VHBB00001,Vita HomeBrew Browser,52232,06/22/2020, 08:05:46,205
VHBB00001,Vita HomeBrew Browser,52233,06/22/2020, 09:04:58,205
VHBB00001,Vita HomeBrew Browser,52234,06/22/2020, 10:05:33,205
VHBB00001,Vita HomeBrew Browser,52236,06/22/2020, 11:05:04,205
VHBB00001,Vita HomeBrew Browser,52237,06/22/2020, 12:06:42,205
VHBB00001,Vita HomeBrew Browser,52238,06/22/2020, 13:05:14,205
VHBB00001,Vita HomeBrew Browser,52238,06/22/2020, 14:05:02,205
VHBB00001,Vita HomeBrew Browser,52241,06/22/2020, 15:05:30,205
VHBB00001,Vita HomeBrew Browser,52243,06/22/2020, 16:05:01,205
VHBB00001,Vita HomeBrew Browser,52244,06/22/2020, 17:04:47,205
VHBB00001,Vita HomeBrew Browser,52245,06/22/2020, 18:05:12,205
VHBB00001,Vita HomeBrew Browser,52247,06/22/2020, 19:04:33,205
VHBB00001,Vita HomeBrew Browser,52248,06/22/2020, 20:05:48,205
VHBB00001,Vita HomeBrew Browser,52250,06/22/2020, 21:04:48,205
VHBB00001,Vita HomeBrew Browser,52253,06/22/2020, 22:04:35,205
VHBB00001,Vita HomeBrew Browser,52255,06/22/2020, 23:04:24,205
VHBB00001,Vita HomeBrew Browser,52261,06/23/2020, 00:12:58,205
VHBB00001,Vita HomeBrew Browser,52263,06/23/2020, 01:05:16,205
VHBB00001,Vita HomeBrew Browser,52264,06/23/2020, 02:05:57,205
VHBB00001,Vita HomeBrew Browser,52264,06/23/2020, 03:04:56,205
VHBB00001,Vita HomeBrew Browser,52265,06/23/2020, 04:05:17,205
VHBB00001,Vita HomeBrew Browser,52268,06/23/2020, 05:06:06,205
VHBB00001,Vita HomeBrew Browser,52268,06/23/2020, 06:05:36,205
VHBB00001,Vita HomeBrew Browser,52268,06/23/2020, 07:05:05,205
VHBB00001,Vita HomeBrew Browser,52268,06/23/2020, 08:06:03,205
VHBB00001,Vita HomeBrew Browser,52268,06/23/2020, 09:04:48,205
VHBB00001,Vita HomeBrew Browser,52271,06/23/2020, 10:04:48,205
VHBB00001,Vita HomeBrew Browser,52272,06/23/2020, 11:04:37,205
VHBB00001,Vita HomeBrew Browser,52273,06/23/2020, 12:06:26,205
VHBB00001,Vita HomeBrew Browser,52273,06/23/2020, 13:04:46,205
VHBB00001,Vita HomeBrew Browser,52273,06/23/2020, 14:31:49,205
VHBB00001,Vita HomeBrew Browser,52274,06/23/2020, 15:05:00,205
VHBB00001,Vita HomeBrew Browser,52276,06/23/2020, 16:05:01,205
VHBB00001,Vita HomeBrew Browser,52276,06/23/2020, 17:04:46,205
VHBB00001,Vita HomeBrew Browser,52279,06/23/2020, 18:05:13,205
VHBB00001,Vita HomeBrew Browser,52281,06/23/2020, 19:04:32,205
VHBB00001,Vita HomeBrew Browser,52286,06/23/2020, 20:05:30,205
VHBB00001,Vita HomeBrew Browser,52289,06/23/2020, 21:04:46,205
VHBB00001,Vita HomeBrew Browser,52289,06/23/2020, 22:04:35,205
VHBB00001,Vita HomeBrew Browser,52291,06/23/2020, 23:04:23,205
VHBB00001,Vita HomeBrew Browser,52293,06/24/2020, 00:12:39,205
VHBB00001,Vita HomeBrew Browser,52294,06/24/2020, 01:05:34,205
VHBB00001,Vita HomeBrew Browser,52295,06/24/2020, 02:06:20,205
VHBB00001,Vita HomeBrew Browser,52297,06/24/2020, 03:04:45,205
VHBB00001,Vita HomeBrew Browser,52299,06/24/2020, 04:06:00,205
VHBB00001,Vita HomeBrew Browser,52302,06/24/2020, 05:04:54,205
VHBB00001,Vita HomeBrew Browser,52304,06/24/2020, 06:05:16,205
VHBB00001,Vita HomeBrew Browser,52304,06/24/2020, 07:05:18,205
VHBB00001,Vita HomeBrew Browser,52306,06/24/2020, 08:05:48,205
VHBB00001,Vita HomeBrew Browser,52306,06/24/2020, 09:04:55,205
VHBB00001,Vita HomeBrew Browser,52306,06/24/2020, 10:04:47,205
VHBB00001,Vita HomeBrew Browser,52307,06/24/2020, 11:04:57,205
VHBB00001,Vita HomeBrew Browser,52310,06/24/2020, 12:06:27,205
VHBB00001,Vita HomeBrew Browser,52315,06/24/2020, 13:05:08,205
VHBB00001,Vita HomeBrew Browser,52316,06/24/2020, 14:05:04,205
VHBB00001,Vita HomeBrew Browser,52321,06/24/2020, 15:06:28,205
VHBB00001,Vita HomeBrew Browser,52322,06/24/2020, 16:05:09,205
VHBB00001,Vita HomeBrew Browser,52324,06/24/2020, 17:05:41,205
VHBB00001,Vita HomeBrew Browser,52327,06/24/2020, 18:04:53,205
VHBB00001,Vita HomeBrew Browser,52329,06/24/2020, 19:04:45,205
VHBB00001,Vita HomeBrew Browser,52331,06/24/2020, 20:05:14,205
VHBB00001,Vita HomeBrew Browser,52333,06/24/2020, 21:06:44,205
VHBB00001,Vita HomeBrew Browser,52334,06/24/2020, 22:04:52,205
VHBB00001,Vita HomeBrew Browser,52339,06/24/2020, 23:04:55,205
VHBB00001,Vita HomeBrew Browser,52340,06/25/2020, 00:13:08,205
VHBB00001,Vita HomeBrew Browser,52343,06/25/2020, 01:05:36,205
VHBB00001,Vita HomeBrew Browser,52344,06/25/2020, 02:06:05,205
VHBB00001,Vita HomeBrew Browser,52346,06/25/2020, 03:04:48,205
VHBB00001,Vita HomeBrew Browser,52346,06/25/2020, 04:07:10,205
VHBB00001,Vita HomeBrew Browser,52348,06/25/2020, 05:05:45,205
VHBB00001,Vita HomeBrew Browser,52349,06/25/2020, 06:13:28,205
VHBB00001,Vita HomeBrew Browser,52351,06/25/2020, 07:05:45,205
VHBB00001,Vita HomeBrew Browser,52351,06/25/2020, 08:05:40,205
VHBB00001,Vita HomeBrew Browser,52352,06/25/2020, 09:05:13,205
VHBB00001,Vita HomeBrew Browser,52354,06/25/2020, 10:04:59,205
VHBB00001,Vita HomeBrew Browser,52354,06/25/2020, 11:04:54,205
VHBB00001,Vita HomeBrew Browser,52357,06/25/2020, 12:06:33,205
VHBB00001,Vita HomeBrew Browser,52359,06/25/2020, 13:04:48,205
VHBB00001,Vita HomeBrew Browser,52361,06/25/2020, 14:04:58,205
VHBB00001,Vita HomeBrew Browser,52366,06/25/2020, 15:04:55,205
VHBB00001,Vita HomeBrew Browser,52367,06/25/2020, 16:05:03,205
VHBB00001,Vita HomeBrew Browser,52372,06/25/2020, 17:05:41,205
VHBB00001,Vita HomeBrew Browser,52376,06/25/2020, 18:07:17,205
VHBB00001,Vita HomeBrew Browser,52379,06/25/2020, 19:04:48,205
VHBB00001,Vita HomeBrew Browser,52381,06/25/2020, 20:06:34,205
VHBB00001,Vita HomeBrew Browser,52382,06/25/2020, 21:04:48,205
VHBB00001,Vita HomeBrew Browser,52383,06/25/2020, 22:06:40,205
VHBB00001,Vita HomeBrew Browser,52383,06/25/2020, 23:04:37,205
VHBB00001,Vita HomeBrew Browser,52386,06/26/2020, 00:13:15,205
VHBB00001,Vita HomeBrew Browser,52386,06/26/2020, 01:05:22,205
VHBB00001,Vita HomeBrew Browser,52389,06/26/2020, 02:05:42,205
VHBB00001,Vita HomeBrew Browser,52392,06/26/2020, 03:05:08,205
VHBB00001,Vita HomeBrew Browser,52396,06/26/2020, 04:05:16,205
VHBB00001,Vita HomeBrew Browser,52398,06/26/2020, 05:05:03,205
VHBB00001,Vita HomeBrew Browser,52401,06/26/2020, 06:06:20,205
VHBB00001,Vita HomeBrew Browser,52402,06/26/2020, 07:04:51,205
VHBB00001,Vita HomeBrew Browser,52402,06/26/2020, 08:05:48,205
VHBB00001,Vita HomeBrew Browser,52403,06/26/2020, 09:05:07,205
VHBB00001,Vita HomeBrew Browser,52405,06/26/2020, 10:04:59,205
VHBB00001,Vita HomeBrew Browser,52406,06/26/2020, 11:04:49,205
VHBB00001,Vita HomeBrew Browser,52410,06/26/2020, 12:06:56,205
VHBB00001,Vita HomeBrew Browser,52412,06/26/2020, 13:05:06,205
VHBB00001,Vita HomeBrew Browser,52412,06/26/2020, 14:04:54,205
VHBB00001,Vita HomeBrew Browser,52414,06/26/2020, 15:04:49,205
VHBB00001,Vita HomeBrew Browser,52415,06/26/2020, 16:05:04,205
VHBB00001,Vita HomeBrew Browser,52417,06/26/2020, 17:05:23,205
VHBB00001,Vita HomeBrew Browser,52418,06/26/2020, 18:05:21,205
VHBB00001,Vita HomeBrew Browser,52418,06/26/2020, 19:04:42,205
VHBB00001,Vita HomeBrew Browser,52420,06/26/2020, 20:05:47,205
VHBB00001,Vita HomeBrew Browser,52422,06/26/2020, 21:04:56,205
VHBB00001,Vita HomeBrew Browser,52427,06/26/2020, 22:04:48,205
VHBB00001,Vita HomeBrew Browser,52428,06/26/2020, 23:04:38,205
VHBB00001,Vita HomeBrew Browser,52432,06/27/2020, 00:13:15,205
VHBB00001,Vita HomeBrew Browser,52434,06/27/2020, 01:05:35,205
VHBB00001,Vita HomeBrew Browser,52434,06/27/2020, 02:07:18,205
VHBB00001,Vita HomeBrew Browser,52435,06/27/2020, 03:04:48,205
VHBB00001,Vita HomeBrew Browser,52438,06/27/2020, 04:07:48,205
VHBB00001,Vita HomeBrew Browser,52440,06/27/2020, 05:08:45,205
VHBB00001,Vita HomeBrew Browser,52440,06/27/2020, 06:05:58,205
VHBB00001,Vita HomeBrew Browser,52440,06/27/2020, 07:07:04,205
VHBB00001,Vita HomeBrew Browser,52440,06/27/2020, 08:06:57,205
VHBB00001,Vita HomeBrew Browser,52441,06/27/2020, 09:07:06,205
VHBB00001,Vita HomeBrew Browser,52442,06/27/2020, 10:06:55,205
VHBB00001,Vita HomeBrew Browser,52443,06/27/2020, 11:04:45,205
VHBB00001,Vita HomeBrew Browser,52444,06/27/2020, 12:06:05,205
VHBB00001,Vita HomeBrew Browser,52449,06/27/2020, 13:05:10,205
VHBB00001,Vita HomeBrew Browser,52449,06/27/2020, 14:05:46,205
VHBB00001,Vita HomeBrew Browser,52451,06/27/2020, 15:04:47,205
VHBB00001,Vita HomeBrew Browser,52456,06/27/2020, 16:05:12,205
VHBB00001,Vita HomeBrew Browser,52458,06/27/2020, 17:05:34,205
VHBB00001,Vita HomeBrew Browser,52460,06/27/2020, 18:05:25,205
VHBB00001,Vita HomeBrew Browser,52463,06/27/2020, 19:04:56,205
VHBB00001,Vita HomeBrew Browser,52467,06/27/2020, 20:05:37,205
VHBB00001,Vita HomeBrew Browser,52471,06/27/2020, 21:05:53,205
VHBB00001,Vita HomeBrew Browser,52471,06/27/2020, 22:05:04,205
VHBB00001,Vita HomeBrew Browser,52474,06/27/2020, 23:05:44,205
VHBB00001,Vita HomeBrew Browser,52475,06/28/2020, 00:14:11,205
VHBB00001,Vita HomeBrew Browser,52476,06/28/2020, 01:05:24,205
VHBB00001,Vita HomeBrew Browser,52478,06/28/2020, 02:06:01,205
VHBB00001,Vita HomeBrew Browser,52480,06/28/2020, 03:05:18,205
VHBB00001,Vita HomeBrew Browser,52482,06/28/2020, 04:06:18,205
VHBB00001,Vita HomeBrew Browser,52482,06/28/2020, 05:04:44,205
VHBB00001,Vita HomeBrew Browser,52483,06/28/2020, 06:06:43,205
VHBB00001,Vita HomeBrew Browser,52488,06/28/2020, 07:05:12,205
VHBB00001,Vita HomeBrew Browser,52489,06/28/2020, 08:05:32,205
VHBB00001,Vita HomeBrew Browser,52493,06/28/2020, 09:05:34,205
VHBB00001,Vita HomeBrew Browser,52497,06/28/2020, 10:05:06,205
VHBB00001,Vita HomeBrew Browser,52501,06/28/2020, 11:05:07,205
VHBB00001,Vita HomeBrew Browser,52502,06/28/2020, 12:06:10,205
VHBB00001,Vita HomeBrew Browser,52502,06/28/2020, 13:04:55,205
VHBB00001,Vita HomeBrew Browser,52505,06/28/2020, 14:07:57,205
VHBB00001,Vita HomeBrew Browser,52506,06/28/2020, 15:10:33,205
VHBB00001,Vita HomeBrew Browser,52508,06/28/2020, 16:05:02,205
VHBB00001,Vita HomeBrew Browser,52515,06/28/2020, 17:04:46,205
VHBB00001,Vita HomeBrew Browser,52516,06/28/2020, 18:05:06,205
VHBB00001,Vita HomeBrew Browser,52517,06/28/2020, 19:07:04,205
VHBB00001,Vita HomeBrew Browser,52520,06/28/2020, 20:05:15,205
VHBB00001,Vita HomeBrew Browser,52521,06/28/2020, 21:08:13,205
VHBB00001,Vita HomeBrew Browser,52525,06/28/2020, 22:07:08,205
VHBB00001,Vita HomeBrew Browser,52531,06/28/2020, 23:04:41,205
VHBB00001,Vita HomeBrew Browser,52531,06/29/2020, 00:13:46,205
VHBB00001,Vita HomeBrew Browser,52533,06/29/2020, 01:05:18,205
VHBB00001,Vita HomeBrew Browser,52535,06/29/2020, 02:05:51,205
VHBB00001,Vita HomeBrew Browser,52541,06/29/2020, 03:05:05,205
VHBB00001,Vita HomeBrew Browser,52541,06/29/2020, 04:05:13,205
VHBB00001,Vita HomeBrew Browser,52545,06/29/2020, 05:05:08,205
VHBB00001,Vita HomeBrew Browser,52548,06/29/2020, 06:05:33,205
VHBB00001,Vita HomeBrew Browser,52548,06/29/2020, 07:05:16,205
VHBB00001,Vita HomeBrew Browser,52548,06/29/2020, 08:05:45,205
VHBB00001,Vita HomeBrew Browser,52550,06/29/2020, 09:06:33,205
VHBB00001,Vita HomeBrew Browser,52551,06/29/2020, 11:05:30,205
VHBB00001,Vita HomeBrew Browser,52554,06/29/2020, 12:06:37,205
VHBB00001,Vita HomeBrew Browser,52555,06/29/2020, 13:04:58,205
VHBB00001,Vita HomeBrew Browser,52557,06/29/2020, 14:05:21,205
VHBB00001,Vita HomeBrew Browser,52562,06/29/2020, 15:04:50,205
VHBB00001,Vita HomeBrew Browser,52565,06/29/2020, 16:09:13,205
VHBB00001,Vita HomeBrew Browser,52568,06/29/2020, 17:05:23,205
VHBB00001,Vita HomeBrew Browser,52570,06/29/2020, 18:05:27,205
VHBB00001,Vita HomeBrew Browser,52573,06/29/2020, 19:04:50,205
VHBB00001,Vita HomeBrew Browser,52573,06/29/2020, 20:05:41,205
VHBB00001,Vita HomeBrew Browser,52577,06/29/2020, 21:05:10,205
VHBB00001,Vita HomeBrew Browser,52582,06/29/2020, 22:04:55,205
VHBB00001,Vita HomeBrew Browser,52582,06/29/2020, 23:04:56,205
VHBB00001,Vita HomeBrew Browser,52588,06/30/2020, 00:13:24,205
VHBB00001,Vita HomeBrew Browser,52588,06/30/2020, 01:05:14,205
VHBB00001,Vita HomeBrew Browser,52591,06/30/2020, 02:05:48,205
VHBB00001,Vita HomeBrew Browser,52592,06/30/2020, 03:04:54,205
VHBB00001,Vita HomeBrew Browser,52595,06/30/2020, 04:05:57,205
VHBB00001,Vita HomeBrew Browser,52596,06/30/2020, 05:05:05,205
VHBB00001,Vita HomeBrew Browser,52597,06/30/2020, 06:05:25,205
VHBB00001,Vita HomeBrew Browser,52600,06/30/2020, 07:05:08,205
VHBB00001,Vita HomeBrew Browser,52602,06/30/2020, 08:05:56,205
VHBB00001,Vita HomeBrew Browser,52606,06/30/2020, 09:05:08,205
VHBB00001,Vita HomeBrew Browser,52607,06/30/2020, 10:05:06,205
VHBB00001,Vita HomeBrew Browser,52609,06/30/2020, 11:04:51,205
VHBB00001,Vita HomeBrew Browser,52611,06/30/2020, 12:06:27,205
VHBB00001,Vita HomeBrew Browser,52618,06/30/2020, 13:04:51,205
VHBB00001,Vita HomeBrew Browser,52624,06/30/2020, 14:31:49,205
VHBB00001,Vita HomeBrew Browser,52626,06/30/2020, 15:05:08,205
VHBB00001,Vita HomeBrew Browser,52626,06/30/2020, 16:05:36,205
VHBB00001,Vita HomeBrew Browser,52628,06/30/2020, 17:04:50,205
VHBB00001,Vita HomeBrew Browser,52631,06/30/2020, 18:05:28,205
VHBB00001,Vita HomeBrew Browser,52635,06/30/2020, 19:04:44,205
VHBB00001,Vita HomeBrew Browser,52637,06/30/2020, 20:06:49,205
VHBB00001,Vita HomeBrew Browser,52638,06/30/2020, 21:05:21,205
VHBB00001,Vita HomeBrew Browser,52641,06/30/2020, 22:05:55,205
VHBB00001,Vita HomeBrew Browser,52644,06/30/2020, 23:05:36,205
VHBB00001,Vita HomeBrew Browser,52645,07/01/2020, 00:16:39,205
VHBB00001,Vita HomeBrew Browser,52649,07/01/2020, 01:06:32,205
VHBB00001,Vita HomeBrew Browser,52651,07/01/2020, 02:06:28,205
VHBB00001,Vita HomeBrew Browser,52654,07/01/2020, 03:06:11,205
VHBB00001,Vita HomeBrew Browser,52655,07/01/2020, 04:06:17,205
VHBB00001,Vita HomeBrew Browser,52658,07/01/2020, 05:05:51,205
VHBB00001,Vita HomeBrew Browser,52659,07/01/2020, 06:06:43,205
VHBB00001,Vita HomeBrew Browser,52659,07/01/2020, 07:07:33,205
VHBB00001,Vita HomeBrew Browser,52660,07/01/2020, 08:06:39,205
VHBB00001,Vita HomeBrew Browser,52660,07/01/2020, 09:06:12,205
VHBB00001,Vita HomeBrew Browser,52663,07/01/2020, 10:06:10,205
VHBB00001,Vita HomeBrew Browser,52665,07/01/2020, 11:05:30,205
VHBB00001,Vita HomeBrew Browser,52666,07/01/2020, 12:07:52,205
VHBB00001,Vita HomeBrew Browser,52670,07/01/2020, 13:04:53,205
VHBB00001,Vita HomeBrew Browser,52673,07/01/2020, 14:05:37,205
VHBB00001,Vita HomeBrew Browser,52674,07/01/2020, 15:05:58,205
VHBB00001,Vita HomeBrew Browser,52678,07/01/2020, 16:06:26,205
VHBB00001,Vita HomeBrew Browser,52679,07/01/2020, 17:06:02,205
VHBB00001,Vita HomeBrew Browser,52682,07/01/2020, 18:06:16,205
VHBB00001,Vita HomeBrew Browser,52687,07/01/2020, 19:05:42,205
VHBB00001,Vita HomeBrew Browser,52690,07/01/2020, 20:07:12,205
VHBB00001,Vita HomeBrew Browser,52695,07/01/2020, 21:05:41,205
VHBB00001,Vita HomeBrew Browser,52697,07/01/2020, 22:05:47,205
VHBB00001,Vita HomeBrew Browser,52699,07/01/2020, 23:05:40,205
VHBB00001,Vita HomeBrew Browser,52700,07/02/2020, 00:16:07,205
VHBB00001,Vita HomeBrew Browser,52700,07/02/2020, 01:07:00,205
VHBB00001,Vita HomeBrew Browser,52701,07/02/2020, 02:06:30,205
VHBB00001,Vita HomeBrew Browser,52703,07/02/2020, 03:06:19,205
VHBB00001,Vita HomeBrew Browser,52707,07/02/2020, 04:07:11,205
VHBB00001,Vita HomeBrew Browser,52709,07/02/2020, 05:05:56,205
VHBB00001,Vita HomeBrew Browser,52710,07/02/2020, 06:06:46,205
VHBB00001,Vita HomeBrew Browser,52710,07/02/2020, 07:05:44,205
VHBB00001,Vita HomeBrew Browser,52711,07/02/2020, 08:06:39,205
VHBB00001,Vita HomeBrew Browser,52712,07/02/2020, 09:05:48,205
VHBB00001,Vita HomeBrew Browser,52714,07/02/2020, 10:06:08,205
VHBB00001,Vita HomeBrew Browser,52720,07/02/2020, 11:05:35,205
VHBB00001,Vita HomeBrew Browser,52721,07/02/2020, 12:08:14,205
VHBB00001,Vita HomeBrew Browser,52723,07/02/2020, 13:06:14,205
VHBB00001,Vita HomeBrew Browser,52725,07/02/2020, 14:06:33,205
VHBB00001,Vita HomeBrew Browser,52726,07/02/2020, 15:05:56,205
VHBB00001,Vita HomeBrew Browser,52727,07/02/2020, 16:06:27,205
VHBB00001,Vita HomeBrew Browser,52727,07/02/2020, 17:06:10,205
VHBB00001,Vita HomeBrew Browser,52727,07/02/2020, 18:06:25,205
VHBB00001,Vita HomeBrew Browser,52732,07/02/2020, 19:05:40,205
VHBB00001,Vita HomeBrew Browser,52736,07/02/2020, 20:07:08,205
VHBB00001,Vita HomeBrew Browser,52740,07/02/2020, 21:05:36,205
VHBB00001,Vita HomeBrew Browser,52745,07/02/2020, 22:05:43,205
VHBB00001,Vita HomeBrew Browser,52752,07/02/2020, 23:06:05,205
VHBB00001,Vita HomeBrew Browser,52753,07/03/2020, 00:16:47,205
VHBB00001,Vita HomeBrew Browser,52755,07/03/2020, 01:06:39,205
VHBB00001,Vita HomeBrew Browser,52757,07/03/2020, 02:06:38,205
VHBB00001,Vita HomeBrew Browser,52760,07/03/2020, 03:06:12,205
VHBB00001,Vita HomeBrew Browser,52760,07/03/2020, 04:06:36,205
VHBB00001,Vita HomeBrew Browser,52763,07/03/2020, 05:05:27,205
VHBB00001,Vita HomeBrew Browser,52764,07/03/2020, 06:06:22,205
VHBB00001,Vita HomeBrew Browser,52765,07/03/2020, 07:05:50,205
VHBB00001,Vita HomeBrew Browser,52766,07/03/2020, 08:06:44,205
VHBB00001,Vita HomeBrew Browser,52767,07/03/2020, 09:06:07,205
VHBB00001,Vita HomeBrew Browser,52768,07/03/2020, 10:06:10,205
VHBB00001,Vita HomeBrew Browser,52768,07/03/2020, 11:05:22,205
VHBB00001,Vita HomeBrew Browser,52772,07/03/2020, 12:08:38,205
VHBB00001,Vita HomeBrew Browser,52774,07/03/2020, 13:05:52,205
VHBB00001,Vita HomeBrew Browser,52776,07/03/2020, 14:06:37,205
VHBB00001,Vita HomeBrew Browser,52778,07/03/2020, 15:05:40,205
VHBB00001,Vita HomeBrew Browser,52779,07/03/2020, 16:06:35,205
VHBB00001,Vita HomeBrew Browser,52781,07/03/2020, 17:05:42,205
VHBB00001,Vita HomeBrew Browser,52783,07/03/2020, 18:06:27,205
VHBB00001,Vita HomeBrew Browser,52787,07/03/2020, 19:05:21,205
VHBB00001,Vita HomeBrew Browser,52788,07/03/2020, 20:06:54,205
VHBB00001,Vita HomeBrew Browser,52790,07/03/2020, 21:05:43,205
VHBB00001,Vita HomeBrew Browser,52795,07/03/2020, 22:06:04,205
VHBB00001,Vita HomeBrew Browser,52797,07/03/2020, 23:05:33,205
VHBB00001,Vita HomeBrew Browser,52799,07/04/2020, 00:16:09,205
VHBB00001,Vita HomeBrew Browser,52802,07/04/2020, 01:06:31,205
VHBB00001,Vita HomeBrew Browser,52804,07/04/2020, 02:06:28,205
VHBB00001,Vita HomeBrew Browser,52807,07/04/2020, 03:05:52,205
VHBB00001,Vita HomeBrew Browser,52809,07/04/2020, 04:06:48,205
VHBB00001,Vita HomeBrew Browser,52811,07/04/2020, 05:05:43,205
VHBB00001,Vita HomeBrew Browser,52812,07/04/2020, 06:06:37,205
VHBB00001,Vita HomeBrew Browser,52816,07/04/2020, 07:06:03,205
VHBB00001,Vita HomeBrew Browser,52820,07/04/2020, 08:07:09,205
VHBB00001,Vita HomeBrew Browser,52822,07/04/2020, 09:05:33,205
VHBB00001,Vita HomeBrew Browser,52826,07/04/2020, 10:06:10,205
VHBB00001,Vita HomeBrew Browser,52828,07/04/2020, 11:05:43,205
VHBB00001,Vita HomeBrew Browser,52829,07/04/2020, 12:07:42,205
VHBB00001,Vita HomeBrew Browser,52832,07/04/2020, 13:06:05,205
VHBB00001,Vita HomeBrew Browser,52832,07/04/2020, 14:08:00,205
VHBB00001,Vita HomeBrew Browser,52832,07/04/2020, 15:05:42,205
VHBB00001,Vita HomeBrew Browser,52834,07/04/2020, 16:06:17,205
VHBB00001,Vita HomeBrew Browser,52836,07/04/2020, 17:06:33,205
VHBB00001,Vita HomeBrew Browser,52839,07/04/2020, 18:06:27,205
VHBB00001,Vita HomeBrew Browser,52840,07/04/2020, 19:05:22,205
VHBB00001,Vita HomeBrew Browser,52842,07/04/2020, 20:06:44,205
VHBB00001,Vita HomeBrew Browser,52843,07/04/2020, 21:05:42,205
VHBB00001,Vita HomeBrew Browser,52845,07/04/2020, 22:06:16,205
VHBB00001,Vita HomeBrew Browser,52850,07/04/2020, 23:06:10,205
VHBB00001,Vita HomeBrew Browser,52855,07/05/2020, 00:17:08,205
VHBB00001,Vita HomeBrew Browser,52857,07/05/2020, 01:06:44,205
VHBB00001,Vita HomeBrew Browser,52857,07/05/2020, 02:06:28,205
VHBB00001,Vita HomeBrew Browser,52859,07/05/2020, 03:05:53,205
VHBB00001,Vita HomeBrew Browser,52860,07/05/2020, 04:06:30,205
VHBB00001,Vita HomeBrew Browser,52861,07/05/2020, 05:05:38,205
VHBB00001,Vita HomeBrew Browser,52861,07/05/2020, 06:06:35,205
VHBB00001,Vita HomeBrew Browser,52862,07/05/2020, 07:06:06,205
VHBB00001,Vita HomeBrew Browser,52863,07/05/2020, 08:06:26,205
VHBB00001,Vita HomeBrew Browser,52864,07/05/2020, 09:05:49,205
VHBB00001,Vita HomeBrew Browser,52869,07/05/2020, 10:06:51,205
VHBB00001,Vita HomeBrew Browser,52874,07/05/2020, 11:05:40,205
VHBB00001,Vita HomeBrew Browser,52876,07/05/2020, 12:07:48,205
VHBB00001,Vita HomeBrew Browser,52876,07/05/2020, 13:07:04,205
VHBB00001,Vita HomeBrew Browser,52876,07/05/2020, 14:06:21,205
VHBB00001,Vita HomeBrew Browser,52876,07/05/2020, 15:05:46,205
VHBB00001,Vita HomeBrew Browser,52877,07/05/2020, 16:06:30,205
VHBB00001,Vita HomeBrew Browser,52880,07/05/2020, 17:05:44,205
VHBB00001,Vita HomeBrew Browser,52881,07/05/2020, 18:06:32,205
VHBB00001,Vita HomeBrew Browser,52882,07/05/2020, 19:05:29,205
VHBB00001,Vita HomeBrew Browser,52885,07/05/2020, 20:06:50,205
VHBB00001,Vita HomeBrew Browser,52886,07/05/2020, 21:05:43,205
VHBB00001,Vita HomeBrew Browser,52889,07/05/2020, 22:06:14,205
VHBB00001,Vita HomeBrew Browser,52889,07/05/2020, 23:06:02,205
VHBB00001,Vita HomeBrew Browser,52890,07/06/2020, 00:16:38,205
VHBB00001,Vita HomeBrew Browser,52892,07/06/2020, 01:06:36,205
VHBB00001,Vita HomeBrew Browser,52893,07/06/2020, 02:06:39,205
VHBB00001,Vita HomeBrew Browser,52893,07/06/2020, 03:05:57,205
VHBB00001,Vita HomeBrew Browser,52893,07/06/2020, 04:06:24,205
VHBB00001,Vita HomeBrew Browser,52895,07/06/2020, 05:05:41,205
VHBB00001,Vita HomeBrew Browser,52895,07/06/2020, 06:06:40,205
VHBB00001,Vita HomeBrew Browser,52895,07/06/2020, 07:06:02,205
VHBB00001,Vita HomeBrew Browser,52895,07/06/2020, 08:06:56,205
VHBB00001,Vita HomeBrew Browser,52898,07/06/2020, 09:06:25,205
VHBB00001,Vita HomeBrew Browser,52899,07/06/2020, 10:06:05,205
VHBB00001,Vita HomeBrew Browser,52899,07/06/2020, 11:05:35,205
VHBB00001,Vita HomeBrew Browser,52901,07/06/2020, 12:08:23,205
VHBB00001,Vita HomeBrew Browser,52901,07/06/2020, 13:05:56,205
VHBB00001,Vita HomeBrew Browser,52902,07/06/2020, 14:06:30,205
VHBB00001,Vita HomeBrew Browser,52903,07/06/2020, 15:05:58,205
VHBB00001,Vita HomeBrew Browser,52904,07/06/2020, 16:06:31,205
VHBB00001,Vita HomeBrew Browser,52906,07/06/2020, 17:06:00,205
VHBB00001,Vita HomeBrew Browser,52907,07/06/2020, 18:06:33,205
VHBB00001,Vita HomeBrew Browser,52907,07/06/2020, 19:05:38,205
VHBB00001,Vita HomeBrew Browser,52910,07/06/2020, 20:07:03,205
VHBB00001,Vita HomeBrew Browser,52911,07/06/2020, 21:05:56,205
VHBB00001,Vita HomeBrew Browser,52911,07/06/2020, 22:05:50,205
VHBB00001,Vita HomeBrew Browser,52914,07/06/2020, 23:05:47,205
VHBB00001,Vita HomeBrew Browser,52918,07/07/2020, 00:16:23,205
VHBB00001,Vita HomeBrew Browser,52919,07/07/2020, 01:06:24,205
VHBB00001,Vita HomeBrew Browser,52920,07/07/2020, 02:06:20,205
VHBB00001,Vita HomeBrew Browser,52920,07/07/2020, 03:05:49,205
VHBB00001,Vita HomeBrew Browser,52921,07/07/2020, 04:06:22,205
VHBB00001,Vita HomeBrew Browser,52923,07/07/2020, 05:05:42,205
VHBB00001,Vita HomeBrew Browser,52924,07/07/2020, 06:06:34,205
VHBB00001,Vita HomeBrew Browser,52925,07/07/2020, 07:06:15,205
VHBB00001,Vita HomeBrew Browser,52926,07/07/2020, 08:06:30,205
VHBB00001,Vita HomeBrew Browser,52926,07/07/2020, 09:06:00,205
VHBB00001,Vita HomeBrew Browser,52928,07/07/2020, 10:06:05,205
VHBB00001,Vita HomeBrew Browser,52930,07/07/2020, 11:05:31,205
VHBB00001,Vita HomeBrew Browser,52930,07/07/2020, 12:07:39,205
VHBB00001,Vita HomeBrew Browser,52930,07/07/2020, 13:06:00,205
VHBB00001,Vita HomeBrew Browser,52930,07/07/2020, 14:06:51,205
VHBB00001,Vita HomeBrew Browser,52931,07/07/2020, 15:05:46,205
VHBB00001,Vita HomeBrew Browser,52934,07/07/2020, 16:06:17,205
VHBB00001,Vita HomeBrew Browser,52935,07/07/2020, 17:05:53,205
VHBB00001,Vita HomeBrew Browser,52936,07/07/2020, 18:06:16,205
VHBB00001,Vita HomeBrew Browser,52938,07/07/2020, 19:05:20,205
VHBB00001,Vita HomeBrew Browser,52940,07/07/2020, 20:06:51,205
VHBB00001,Vita HomeBrew Browser,52941,07/07/2020, 21:05:53,205
VHBB00001,Vita HomeBrew Browser,52941,07/07/2020, 22:05:45,205
VHBB00001,Vita HomeBrew Browser,52949,07/07/2020, 23:05:55,205
VHBB00001,Vita HomeBrew Browser,52954,07/08/2020, 00:16:20,205
VHBB00001,Vita HomeBrew Browser,52954,07/08/2020, 01:06:24,205
VHBB00001,Vita HomeBrew Browser,52957,07/08/2020, 02:06:25,205
VHBB00001,Vita HomeBrew Browser,52960,07/08/2020, 03:05:47,205
VHBB00001,Vita HomeBrew Browser,52964,07/08/2020, 04:06:13,205
VHBB00001,Vita HomeBrew Browser,52966,07/08/2020, 05:06:03,205
VHBB00001,Vita HomeBrew Browser,52966,07/08/2020, 06:06:36,205
VHBB00001,Vita HomeBrew Browser,52967,07/08/2020, 07:06:11,205
VHBB00001,Vita HomeBrew Browser,52967,07/08/2020, 08:07:03,205
VHBB00001,Vita HomeBrew Browser,52967,07/08/2020, 09:06:05,205
VHBB00001,Vita HomeBrew Browser,52967,07/08/2020, 10:06:01,205
VHBB00001,Vita HomeBrew Browser,52969,07/08/2020, 11:05:30,205
VHBB00001,Vita HomeBrew Browser,52970,07/08/2020, 12:07:53,205
VHBB00001,Vita HomeBrew Browser,52971,07/08/2020, 13:05:57,205
VHBB00001,Vita HomeBrew Browser,52971,07/08/2020, 14:06:30,205
VHBB00001,Vita HomeBrew Browser,52972,07/08/2020, 15:05:55,205
VHBB00001,Vita HomeBrew Browser,52974,07/08/2020, 16:06:19,205
VHBB00001,Vita HomeBrew Browser,52974,07/08/2020, 17:06:02,205
VHBB00001,Vita HomeBrew Browser,52976,07/08/2020, 18:06:27,205
VHBB00001,Vita HomeBrew Browser,52978,07/08/2020, 19:05:48,205
VHBB00001,Vita HomeBrew Browser,52980,07/08/2020, 20:07:16,205
VHBB00001,Vita HomeBrew Browser,52983,07/08/2020, 21:05:45,205
VHBB00001,Vita HomeBrew Browser,52986,07/08/2020, 22:05:44,205
VHBB00001,Vita HomeBrew Browser,52988,07/08/2020, 23:06:04,205
VHBB00001,Vita HomeBrew Browser,52988,07/09/2020, 00:16:42,205
VHBB00001,Vita HomeBrew Browser,52989,07/09/2020, 01:06:17,205
VHBB00001,Vita HomeBrew Browser,52989,07/09/2020, 02:06:41,205
VHBB00001,Vita HomeBrew Browser,52992,07/09/2020, 03:06:10,205
VHBB00001,Vita HomeBrew Browser,52993,07/09/2020, 04:06:45,205
VHBB00001,Vita HomeBrew Browser,52997,07/09/2020, 05:05:57,205
VHBB00001,Vita HomeBrew Browser,52999,07/09/2020, 06:06:28,205
VHBB00001,Vita HomeBrew Browser,52999,07/09/2020, 07:05:57,205
VHBB00001,Vita HomeBrew Browser,53000,07/09/2020, 08:06:18,205
VHBB00001,Vita HomeBrew Browser,53000,07/09/2020, 09:05:43,205
VHBB00001,Vita HomeBrew Browser,53000,07/09/2020, 10:06:05,205
VHBB00001,Vita HomeBrew Browser,53001,07/09/2020, 11:05:36,205
VHBB00001,Vita HomeBrew Browser,53003,07/09/2020, 12:08:03,205
VHBB00001,Vita HomeBrew Browser,53005,07/09/2020, 13:06:02,205
VHBB00001,Vita HomeBrew Browser,53009,07/09/2020, 14:06:52,205
VHBB00001,Vita HomeBrew Browser,53011,07/09/2020, 15:06:10,205
VHBB00001,Vita HomeBrew Browser,53012,07/09/2020, 16:06:21,205
VHBB00001,Vita HomeBrew Browser,53016,07/09/2020, 17:06:12,205
VHBB00001,Vita HomeBrew Browser,53018,07/09/2020, 18:06:43,205
VHBB00001,Vita HomeBrew Browser,53021,07/09/2020, 19:05:44,205
VHBB00001,Vita HomeBrew Browser,53024,07/09/2020, 20:06:59,205
VHBB00001,Vita HomeBrew Browser,53026,07/09/2020, 21:06:05,205
VHBB00001,Vita HomeBrew Browser,53028,07/09/2020, 22:06:06,205
VHBB00001,Vita HomeBrew Browser,53032,07/09/2020, 23:05:51,205
VHBB00001,Vita HomeBrew Browser,53036,07/10/2020, 00:16:56,205
VHBB00001,Vita HomeBrew Browser,53038,07/10/2020, 01:06:56,205
VHBB00001,Vita HomeBrew Browser,53040,07/10/2020, 02:06:51,205
VHBB00001,Vita HomeBrew Browser,53042,07/10/2020, 03:06:16,205
VHBB00001,Vita HomeBrew Browser,53043,07/10/2020, 04:06:43,205
VHBB00001,Vita HomeBrew Browser,53045,07/10/2020, 05:05:43,205
VHBB00001,Vita HomeBrew Browser,53048,07/10/2020, 06:06:35,205
VHBB00001,Vita HomeBrew Browser,53050,07/10/2020, 07:06:22,205
VHBB00001,Vita HomeBrew Browser,53051,07/10/2020, 08:07:09,205
VHBB00001,Vita HomeBrew Browser,53051,07/10/2020, 09:06:34,205
VHBB00001,Vita HomeBrew Browser,53052,07/10/2020, 10:05:57,205
VHBB00001,Vita HomeBrew Browser,53054,07/10/2020, 11:05:54,205
VHBB00001,Vita HomeBrew Browser,53054,07/10/2020, 12:08:53,205
VHBB00001,Vita HomeBrew Browser,53055,07/10/2020, 13:05:56,205
VHBB00001,Vita HomeBrew Browser,53055,07/10/2020, 14:06:49,205
VHBB00001,Vita HomeBrew Browser,53061,07/10/2020, 15:06:01,205
VHBB00001,Vita HomeBrew Browser,53063,07/10/2020, 16:06:24,205
VHBB00001,Vita HomeBrew Browser,53065,07/10/2020, 17:05:48,205
VHBB00001,Vita HomeBrew Browser,53067,07/10/2020, 18:06:45,205
VHBB00001,Vita HomeBrew Browser,53071,07/10/2020, 19:05:45,205
VHBB00001,Vita HomeBrew Browser,53071,07/10/2020, 20:07:06,205
VHBB00001,Vita HomeBrew Browser,53072,07/10/2020, 21:05:58,205
VHBB00001,Vita HomeBrew Browser,53073,07/10/2020, 22:05:54,205
VHBB00001,Vita HomeBrew Browser,53075,07/10/2020, 23:06:09,205
VHBB00001,Vita HomeBrew Browser,53079,07/11/2020, 00:16:59,205
VHBB00001,Vita HomeBrew Browser,53081,07/11/2020, 01:06:40,205
VHBB00001,Vita HomeBrew Browser,53085,07/11/2020, 02:06:46,205
VHBB00001,Vita HomeBrew Browser,53085,07/11/2020, 03:06:08,205
VHBB00001,Vita HomeBrew Browser,53085,07/11/2020, 04:06:31,205
VHBB00001,Vita HomeBrew Browser,53085,07/11/2020, 05:05:35,205
VHBB00001,Vita HomeBrew Browser,53089,07/11/2020, 06:06:58,205
VHBB00001,Vita HomeBrew Browser,53092,07/11/2020, 07:06:31,205
VHBB00001,Vita HomeBrew Browser,53094,07/11/2020, 08:06:47,205
VHBB00001,Vita HomeBrew Browser,53096,07/11/2020, 09:06:06,205
VHBB00001,Vita HomeBrew Browser,53098,07/11/2020, 10:06:17,205
VHBB00001,Vita HomeBrew Browser,53098,07/11/2020, 11:05:57,205
VHBB00001,Vita HomeBrew Browser,53100,07/11/2020, 12:07:58,205
VHBB00001,Vita HomeBrew Browser,53104,07/11/2020, 13:06:21,205
VHBB00001,Vita HomeBrew Browser,53108,07/11/2020, 14:06:58,205
VHBB00001,Vita HomeBrew Browser,53109,07/11/2020, 15:05:43,205
VHBB00001,Vita HomeBrew Browser,53109,07/11/2020, 16:06:35,205
VHBB00001,Vita HomeBrew Browser,53114,07/11/2020, 17:05:52,205
VHBB00001,Vita HomeBrew Browser,53115,07/11/2020, 18:06:29,205
VHBB00001,Vita HomeBrew Browser,53116,07/11/2020, 19:06:06,205
VHBB00001,Vita HomeBrew Browser,53123,07/11/2020, 20:07:25,205
VHBB00001,Vita HomeBrew Browser,53123,07/11/2020, 21:06:09,205
VHBB00001,Vita HomeBrew Browser,53124,07/11/2020, 22:06:06,205
VHBB00001,Vita HomeBrew Browser,53126,07/11/2020, 23:06:03,205
VHBB00001,Vita HomeBrew Browser,53127,07/12/2020, 00:17:48,205
VHBB00001,Vita HomeBrew Browser,53129,07/12/2020, 01:06:34,205
VHBB00001,Vita HomeBrew Browser,53130,07/12/2020, 02:06:35,205
VHBB00001,Vita HomeBrew Browser,53132,07/12/2020, 03:06:36,205
VHBB00001,Vita HomeBrew Browser,53133,07/12/2020, 04:06:49,205
VHBB00001,Vita HomeBrew Browser,53136,07/12/2020, 05:05:52,205
VHBB00001,Vita HomeBrew Browser,53136,07/12/2020, 06:06:57,205
VHBB00001,Vita HomeBrew Browser,53138,07/12/2020, 07:06:07,205
VHBB00001,Vita HomeBrew Browser,53139,07/12/2020, 08:06:29,205
VHBB00001,Vita HomeBrew Browser,53140,07/12/2020, 09:05:59,205
VHBB00001,Vita HomeBrew Browser,53142,07/12/2020, 10:06:20,205
VHBB00001,Vita HomeBrew Browser,53145,07/12/2020, 11:05:42,205
VHBB00001,Vita HomeBrew Browser,53147,07/12/2020, 12:08:14,205
VHBB00001,Vita HomeBrew Browser,53148,07/12/2020, 13:06:01,205
VHBB00001,Vita HomeBrew Browser,53149,07/12/2020, 14:06:41,205
VHBB00001,Vita HomeBrew Browser,53151,07/12/2020, 15:06:03,205
VHBB00001,Vita HomeBrew Browser,53152,07/12/2020, 16:06:18,205
VHBB00001,Vita HomeBrew Browser,53155,07/12/2020, 17:06:03,205
VHBB00001,Vita HomeBrew Browser,53158,07/12/2020, 18:06:52,205
VHBB00001,Vita HomeBrew Browser,53160,07/12/2020, 19:05:41,205
VHBB00001,Vita HomeBrew Browser,53161,07/12/2020, 20:07:04,205
VHBB00001,Vita HomeBrew Browser,53161,07/12/2020, 21:06:00,205
VHBB00001,Vita HomeBrew Browser,53161,07/12/2020, 22:06:01,205
VHBB00001,Vita HomeBrew Browser,53162,07/12/2020, 23:06:13,205
VHBB00001,Vita HomeBrew Browser,53163,07/13/2020, 00:17:20,205
VHBB00001,Vita HomeBrew Browser,53164,07/13/2020, 01:06:52,205
VHBB00001,Vita HomeBrew Browser,53172,07/13/2020, 02:06:53,205
VHBB00001,Vita HomeBrew Browser,53172,07/13/2020, 03:06:51,205
VHBB00001,Vita HomeBrew Browser,53174,07/13/2020, 04:06:55,205
VHBB00001,Vita HomeBrew Browser,53175,07/13/2020, 05:08:11,205
VHBB00001,Vita HomeBrew Browser,53177,07/13/2020, 07:07:36,205
VHBB00001,Vita HomeBrew Browser,53180,07/13/2020, 09:06:24,205
VHBB00001,Vita HomeBrew Browser,53184,07/13/2020, 10:06:21,205
VHBB00001,Vita HomeBrew Browser,53184,07/13/2020, 11:05:53,205
VHBB00001,Vita HomeBrew Browser,53184,07/13/2020, 12:08:01,205
VHBB00001,Vita HomeBrew Browser,53186,07/13/2020, 13:06:08,205
VHBB00001,Vita HomeBrew Browser,53186,07/13/2020, 14:07:06,205
VHBB00001,Vita HomeBrew Browser,53189,07/13/2020, 15:06:07,205
VHBB00001,Vita HomeBrew Browser,53189,07/13/2020, 16:06:22,205
VHBB00001,Vita HomeBrew Browser,53190,07/13/2020, 17:05:48,205
VHBB00001,Vita HomeBrew Browser,53192,07/13/2020, 18:06:49,205
VHBB00001,Vita HomeBrew Browser,53195,07/13/2020, 19:05:44,205
VHBB00001,Vita HomeBrew Browser,53197,07/13/2020, 20:07:14,205
VHBB00001,Vita HomeBrew Browser,53200,07/13/2020, 21:06:08,205
VHBB00001,Vita HomeBrew Browser,53201,07/13/2020, 22:06:06,205
VHBB00001,Vita HomeBrew Browser,53204,07/13/2020, 23:05:58,205
VHBB00001,Vita HomeBrew Browser,53206,07/14/2020, 00:17:08,205
VHBB00001,Vita HomeBrew Browser,53207,07/14/2020, 01:06:36,205
VHBB00001,Vita HomeBrew Browser,53209,07/14/2020, 02:07:10,205
VHBB00001,Vita HomeBrew Browser,53209,07/14/2020, 03:06:29,205
VHBB00001,Vita HomeBrew Browser,53209,07/14/2020, 04:06:26,205
VHBB00001,Vita HomeBrew Browser,53210,07/14/2020, 05:06:05,205
VHBB00001,Vita HomeBrew Browser,53214,07/14/2020, 06:06:55,205
VHBB00001,Vita HomeBrew Browser,53217,07/14/2020, 07:06:18,205
VHBB00001,Vita HomeBrew Browser,53222,07/14/2020, 08:06:49,205
VHBB00001,Vita HomeBrew Browser,53223,07/14/2020, 09:06:25,205
VHBB00001,Vita HomeBrew Browser,53226,07/14/2020, 10:06:12,205
VHBB00001,Vita HomeBrew Browser,53227,07/14/2020, 11:05:55,205
VHBB00001,Vita HomeBrew Browser,53227,07/14/2020, 12:08:53,205
VHBB00001,Vita HomeBrew Browser,53227,07/14/2020, 13:07:00,205
VHBB00001,Vita HomeBrew Browser,53230,07/14/2020, 14:35:45,205
VHBB00001,Vita HomeBrew Browser,53230,07/14/2020, 15:06:15,205
VHBB00001,Vita HomeBrew Browser,53232,07/14/2020, 16:06:26,205
VHBB00001,Vita HomeBrew Browser,53234,07/14/2020, 17:05:59,205
VHBB00001,Vita HomeBrew Browser,53236,07/14/2020, 18:06:45,205
VHBB00001,Vita HomeBrew Browser,53237,07/14/2020, 19:06:06,205
VHBB00001,Vita HomeBrew Browser,53239,07/14/2020, 20:06:57,205
VHBB00001,Vita HomeBrew Browser,53240,07/14/2020, 21:05:19,205
VHBB00001,Vita HomeBrew Browser,53242,07/14/2020, 22:06:00,205
VHBB00001,Vita HomeBrew Browser,53243,07/14/2020, 23:06:16,205
VHBB00001,Vita HomeBrew Browser,53245,07/15/2020, 00:17:28,205
VHBB00001,Vita HomeBrew Browser,53246,07/15/2020, 01:06:56,205
VHBB00001,Vita HomeBrew Browser,53248,07/15/2020, 02:06:53,205
VHBB00001,Vita HomeBrew Browser,53249,07/15/2020, 03:06:31,205
VHBB00001,Vita HomeBrew Browser,53252,07/15/2020, 04:06:27,205
VHBB00001,Vita HomeBrew Browser,53254,07/15/2020, 05:05:48,205
VHBB00001,Vita HomeBrew Browser,53256,07/15/2020, 06:07:18,205
VHBB00001,Vita HomeBrew Browser,53259,07/15/2020, 07:06:51,205
VHBB00001,Vita HomeBrew Browser,53259,07/15/2020, 08:06:48,205
VHBB00001,Vita HomeBrew Browser,53259,07/15/2020, 09:06:36,205
VHBB00001,Vita HomeBrew Browser,53260,07/15/2020, 10:06:10,205
VHBB00001,Vita HomeBrew Browser,53262,07/15/2020, 11:06:01,205
VHBB00001,Vita HomeBrew Browser,53262,07/15/2020, 12:08:00,205
VHBB00001,Vita HomeBrew Browser,53263,07/15/2020, 13:05:58,205
VHBB00001,Vita HomeBrew Browser,53263,07/15/2020, 14:06:45,205
VHBB00001,Vita HomeBrew Browser,53275,07/15/2020, 15:06:20,205
VHBB00001,Vita HomeBrew Browser,53280,07/15/2020, 16:06:26,205
VHBB00001,Vita HomeBrew Browser,53280,07/15/2020, 17:05:54,205
VHBB00001,Vita HomeBrew Browser,53280,07/15/2020, 18:06:26,205
VHBB00001,Vita HomeBrew Browser,53280,07/15/2020, 19:05:07,205
VHBB00001,Vita HomeBrew Browser,53281,07/15/2020, 20:06:08,205
VHBB00001,Vita HomeBrew Browser,53283,07/15/2020, 21:05:54,205
VHBB00001,Vita HomeBrew Browser,53287,07/15/2020, 22:06:06,205
VHBB00001,Vita HomeBrew Browser,53289,07/15/2020, 23:06:06,205
VHBB00001,Vita HomeBrew Browser,53292,07/16/2020, 00:17:04,205
VHBB00001,Vita HomeBrew Browser,53293,07/16/2020, 01:06:37,205
VHBB00001,Vita HomeBrew Browser,53294,07/16/2020, 02:07:03,205
VHBB00001,Vita HomeBrew Browser,53297,07/16/2020, 03:06:32,205
VHBB00001,Vita HomeBrew Browser,53298,07/16/2020, 04:06:47,205
VHBB00001,Vita HomeBrew Browser,53298,07/16/2020, 05:05:58,205
VHBB00001,Vita HomeBrew Browser,53298,07/16/2020, 06:06:27,205
VHBB00001,Vita HomeBrew Browser,53300,07/16/2020, 07:06:21,205
VHBB00001,Vita HomeBrew Browser,53303,07/16/2020, 08:06:20,205
VHBB00001,Vita HomeBrew Browser,53305,07/16/2020, 09:06:39,205
VHBB00001,Vita HomeBrew Browser,53306,07/16/2020, 10:06:16,205
VHBB00001,Vita HomeBrew Browser,53308,07/16/2020, 11:05:47,205
VHBB00001,Vita HomeBrew Browser,53310,07/16/2020, 12:08:24,205
VHBB00001,Vita HomeBrew Browser,53313,07/16/2020, 13:06:13,205
VHBB00001,Vita HomeBrew Browser,53314,07/16/2020, 14:06:45,205
VHBB00001,Vita HomeBrew Browser,53315,07/16/2020, 15:06:23,205
VHBB00001,Vita HomeBrew Browser,53317,07/16/2020, 16:06:43,205
VHBB00001,Vita HomeBrew Browser,53319,07/16/2020, 17:06:29,205
VHBB00001,Vita HomeBrew Browser,53322,07/16/2020, 18:06:41,205
VHBB00001,Vita HomeBrew Browser,53324,07/16/2020, 19:05:54,205
VHBB00001,Vita HomeBrew Browser,53326,07/16/2020, 20:06:51,205
VHBB00001,Vita HomeBrew Browser,53331,07/16/2020, 21:06:14,205
VHBB00001,Vita HomeBrew Browser,53331,07/16/2020, 22:05:59,205
VHBB00001,Vita HomeBrew Browser,53333,07/16/2020, 23:07:00,205
VHBB00001,Vita HomeBrew Browser,53335,07/17/2020, 00:17:10,205
VHBB00001,Vita HomeBrew Browser,53335,07/17/2020, 01:07:04,205
VHBB00001,Vita HomeBrew Browser,53337,07/17/2020, 02:07:15,205
VHBB00001,Vita HomeBrew Browser,53339,07/17/2020, 03:06:36,205
VHBB00001,Vita HomeBrew Browser,53340,07/17/2020, 04:07:07,205
VHBB00001,Vita HomeBrew Browser,53341,07/17/2020, 05:05:59,205
VHBB00001,Vita HomeBrew Browser,53342,07/17/2020, 06:06:56,205
VHBB00001,Vita HomeBrew Browser,53342,07/17/2020, 07:06:23,205
VHBB00001,Vita HomeBrew Browser,53345,07/17/2020, 08:06:51,205
VHBB00001,Vita HomeBrew Browser,53347,07/17/2020, 09:06:22,205
VHBB00001,Vita HomeBrew Browser,53348,07/17/2020, 10:06:17,205
VHBB00001,Vita HomeBrew Browser,53349,07/17/2020, 11:05:50,205
VHBB00001,Vita HomeBrew Browser,53349,07/17/2020, 12:08:47,205
VHBB00001,Vita HomeBrew Browser,53349,07/17/2020, 13:06:07,205
VHBB00001,Vita HomeBrew Browser,53350,07/17/2020, 14:06:33,205
VHBB00001,Vita HomeBrew Browser,53350,07/17/2020, 15:05:59,205
VHBB00001,Vita HomeBrew Browser,53351,07/17/2020, 16:07:05,205
VHBB00001,Vita HomeBrew Browser,53353,07/17/2020, 17:05:49,205
VHBB00001,Vita HomeBrew Browser,53354,07/17/2020, 18:06:29,205
VHBB00001,Vita HomeBrew Browser,53356,07/17/2020, 19:06:05,205
VHBB00001,Vita HomeBrew Browser,53356,07/17/2020, 20:07:08,205
VHBB00001,Vita HomeBrew Browser,53358,07/17/2020, 21:05:32,205
VHBB00001,Vita HomeBrew Browser,53360,07/17/2020, 22:06:06,205
VHBB00001,Vita HomeBrew Browser,53361,07/17/2020, 23:06:04,205
VHBB00001,Vita HomeBrew Browser,53362,07/18/2020, 00:17:27,205
VHBB00001,Vita HomeBrew Browser,53363,07/18/2020, 01:06:51,205
VHBB00001,Vita HomeBrew Browser,53365,07/18/2020, 02:07:04,205
VHBB00001,Vita HomeBrew Browser,53365,07/18/2020, 03:06:33,205
VHBB00001,Vita HomeBrew Browser,53365,07/18/2020, 04:06:33,205
VHBB00001,Vita HomeBrew Browser,53366,07/18/2020, 05:05:58,205
VHBB00001,Vita HomeBrew Browser,53367,07/18/2020, 06:06:44,205
VHBB00001,Vita HomeBrew Browser,53368,07/18/2020, 07:06:28,205
VHBB00001,Vita HomeBrew Browser,53370,07/18/2020, 09:06:13,205
VHBB00001,Vita HomeBrew Browser,53371,07/18/2020, 10:06:10,205
VHBB00001,Vita HomeBrew Browser,53372,07/18/2020, 11:06:06,205
VHBB00001,Vita HomeBrew Browser,53373,07/18/2020, 12:08:03,205
VHBB00001,Vita HomeBrew Browser,53374,07/18/2020, 13:05:55,205
VHBB00001,Vita HomeBrew Browser,53379,07/18/2020, 14:06:26,205
VHBB00001,Vita HomeBrew Browser,53380,07/18/2020, 15:05:56,205
VHBB00001,Vita HomeBrew Browser,53381,07/18/2020, 16:06:18,205
VHBB00001,Vita HomeBrew Browser,53381,07/18/2020, 17:05:38,205
VHBB00001,Vita HomeBrew Browser,53384,07/18/2020, 18:06:52,205
VHBB00001,Vita HomeBrew Browser,53386,07/18/2020, 19:05:35,205
VHBB00001,Vita HomeBrew Browser,53388,07/18/2020, 20:07:09,205
VHBB00001,Vita HomeBrew Browser,53389,07/18/2020, 21:06:25,205
VHBB00001,Vita HomeBrew Browser,53391,07/18/2020, 22:05:52,205
VHBB00001,Vita HomeBrew Browser,53392,07/18/2020, 23:05:42,205
VHBB00001,Vita HomeBrew Browser,53393,07/19/2020, 00:18:09,205
VHBB00001,Vita HomeBrew Browser,53393,07/19/2020, 01:06:52,205
VHBB00001,Vita HomeBrew Browser,53394,07/19/2020, 02:07:01,205
VHBB00001,Vita HomeBrew Browser,53395,07/19/2020, 03:06:18,205
VHBB00001,Vita HomeBrew Browser,53397,07/19/2020, 04:06:49,205
VHBB00001,Vita HomeBrew Browser,53397,07/19/2020, 05:06:16,205
VHBB00001,Vita HomeBrew Browser,53398,07/19/2020, 06:07:15,205
VHBB00001,Vita HomeBrew Browser,53399,07/19/2020, 07:06:40,205
VHBB00001,Vita HomeBrew Browser,53400,07/19/2020, 08:06:25,205
VHBB00001,Vita HomeBrew Browser,53400,07/19/2020, 09:06:30,205
VHBB00001,Vita HomeBrew Browser,53401,07/19/2020, 10:06:17,205
VHBB00001,Vita HomeBrew Browser,53402,07/19/2020, 11:05:48,205
VHBB00001,Vita HomeBrew Browser,53402,07/19/2020, 12:08:21,205
VHBB00001,Vita HomeBrew Browser,53403,07/19/2020, 13:06:07,205
VHBB00001,Vita HomeBrew Browser,53405,07/19/2020, 14:07:05,205
VHBB00001,Vita HomeBrew Browser,53406,07/19/2020, 15:05:56,205
VHBB00001,Vita HomeBrew Browser,53407,07/19/2020, 16:06:37,205
VHBB00001,Vita HomeBrew Browser,53409,07/19/2020, 17:05:47,205
VHBB00001,Vita HomeBrew Browser,53410,07/19/2020, 18:06:22,205
VHBB00001,Vita HomeBrew Browser,53415,07/19/2020, 19:05:44,205
VHBB00001,Vita HomeBrew Browser,53416,07/19/2020, 20:07:17,205
VHBB00001,Vita HomeBrew Browser,53419,07/19/2020, 21:06:37,205
VHBB00001,Vita HomeBrew Browser,53422,07/19/2020, 22:06:02,205
VHBB00001,Vita HomeBrew Browser,53426,07/19/2020, 23:06:01,205
VHBB00001,Vita HomeBrew Browser,53427,07/20/2020, 00:17:39,205
VHBB00001,Vita HomeBrew Browser,53428,07/20/2020, 01:07:01,205
VHBB00001,Vita HomeBrew Browser,53430,07/20/2020, 02:07:10,205
VHBB00001,Vita HomeBrew Browser,53433,07/20/2020, 03:06:44,205
VHBB00001,Vita HomeBrew Browser,53433,07/20/2020, 04:07:21,205
VHBB00001,Vita HomeBrew Browser,53433,07/20/2020, 05:06:17,205
VHBB00001,Vita HomeBrew Browser,53435,07/20/2020, 06:06:48,205
VHBB00001,Vita HomeBrew Browser,53436,07/20/2020, 07:06:41,205
VHBB00001,Vita HomeBrew Browser,53437,07/20/2020, 08:07:27,205
VHBB00001,Vita HomeBrew Browser,53437,07/20/2020, 09:06:40,205
VHBB00001,Vita HomeBrew Browser,53437,07/20/2020, 10:06:55,205
VHBB00001,Vita HomeBrew Browser,53438,07/20/2020, 11:05:53,205
VHBB00001,Vita HomeBrew Browser,53439,07/20/2020, 12:08:03,205
VHBB00001,Vita HomeBrew Browser,53443,07/20/2020, 13:05:56,205
VHBB00001,Vita HomeBrew Browser,53446,07/20/2020, 14:07:02,205
VHBB00001,Vita HomeBrew Browser,53448,07/20/2020, 15:06:33,205
VHBB00001,Vita HomeBrew Browser,53449,07/20/2020, 16:06:33,205
VHBB00001,Vita HomeBrew Browser,53452,07/20/2020, 17:05:56,205
VHBB00001,Vita HomeBrew Browser,53455,07/20/2020, 18:06:36,205
VHBB00001,Vita HomeBrew Browser,53457,07/20/2020, 19:06:08,205
VHBB00001,Vita HomeBrew Browser,53460,07/20/2020, 20:07:27,205
VHBB00001,Vita HomeBrew Browser,53463,07/20/2020, 21:06:26,205
VHBB00001,Vita HomeBrew Browser,53465,07/20/2020, 22:05:59,205
VHBB00001,Vita HomeBrew Browser,53465,07/20/2020, 23:05:52,205
VHBB00001,Vita HomeBrew Browser,53467,07/21/2020, 00:17:41,205
VHBB00001,Vita HomeBrew Browser,53468,07/21/2020, 01:07:19,205
VHBB00001,Vita HomeBrew Browser,53471,07/21/2020, 02:07:34,205
VHBB00001,Vita HomeBrew Browser,53474,07/21/2020, 03:06:35,205
VHBB00001,Vita HomeBrew Browser,53475,07/21/2020, 04:06:59,205
VHBB00001,Vita HomeBrew Browser,53478,07/21/2020, 05:06:29,205
VHBB00001,Vita HomeBrew Browser,53483,07/21/2020, 06:07:06,205
VHBB00001,Vita HomeBrew Browser,53485,07/21/2020, 07:06:45,205
VHBB00001,Vita HomeBrew Browser,53485,07/21/2020, 08:06:58,205
VHBB00001,Vita HomeBrew Browser,53487,07/21/2020, 09:06:31,205
VHBB00001,Vita HomeBrew Browser,53488,07/21/2020, 10:06:29,205
VHBB00001,Vita HomeBrew Browser,53489,07/21/2020, 11:06:30,205
VHBB00001,Vita HomeBrew Browser,53490,07/21/2020, 12:08:24,205
VHBB00001,Vita HomeBrew Browser,53492,07/21/2020, 13:05:51,205
VHBB00001,Vita HomeBrew Browser,53495,07/21/2020, 14:06:56,205
VHBB00001,Vita HomeBrew Browser,53496,07/21/2020, 15:06:31,205
VHBB00001,Vita HomeBrew Browser,53499,07/21/2020, 16:06:31,205
VHBB00001,Vita HomeBrew Browser,53502,07/21/2020, 17:06:18,205
VHBB00001,Vita HomeBrew Browser,53503,07/21/2020, 18:06:48,205
VHBB00001,Vita HomeBrew Browser,53506,07/21/2020, 19:06:10,205
VHBB00001,Vita HomeBrew Browser,53506,07/21/2020, 20:07:01,205
VHBB00001,Vita HomeBrew Browser,53507,07/21/2020, 21:06:18,205
VHBB00001,Vita HomeBrew Browser,53509,07/21/2020, 22:06:25,205
VHBB00001,Vita HomeBrew Browser,53512,07/21/2020, 23:05:48,205
VHBB00001,Vita HomeBrew Browser,53516,07/22/2020, 00:17:33,205
VHBB00001,Vita HomeBrew Browser,53516,07/22/2020, 01:07:02,205
VHBB00001,Vita HomeBrew Browser,53517,07/22/2020, 02:07:22,205
VHBB00001,Vita HomeBrew Browser,53518,07/22/2020, 03:06:30,205
VHBB00001,Vita HomeBrew Browser,53519,07/22/2020, 04:07:00,205
VHBB00001,Vita HomeBrew Browser,53520,07/22/2020, 05:06:20,205
VHBB00001,Vita HomeBrew Browser,53520,07/22/2020, 06:06:59,205
VHBB00001,Vita HomeBrew Browser,53520,07/22/2020, 07:06:49,205
VHBB00001,Vita HomeBrew Browser,53521,07/22/2020, 08:07:29,205
VHBB00001,Vita HomeBrew Browser,53521,07/22/2020, 09:06:24,205
VHBB00001,Vita HomeBrew Browser,53522,07/22/2020, 10:06:34,205
VHBB00001,Vita HomeBrew Browser,53523,07/22/2020, 11:05:54,205
VHBB00001,Vita HomeBrew Browser,53525,07/22/2020, 12:08:06,205
VHBB00001,Vita HomeBrew Browser,53526,07/22/2020, 13:05:59,205
VHBB00001,Vita HomeBrew Browser,53527,07/22/2020, 14:07:14,205
VHBB00001,Vita HomeBrew Browser,53529,07/22/2020, 15:06:24,205
VHBB00001,Vita HomeBrew Browser,53533,07/22/2020, 16:06:47,205
VHBB00001,Vita HomeBrew Browser,53534,07/22/2020, 17:06:10,205
VHBB00001,Vita HomeBrew Browser,53537,07/22/2020, 18:07:04,205
VHBB00001,Vita HomeBrew Browser,53540,07/22/2020, 19:06:08,205
VHBB00001,Vita HomeBrew Browser,53543,07/22/2020, 20:07:25,205
VHBB00001,Vita HomeBrew Browser,53544,07/22/2020, 21:06:34,205
VHBB00001,Vita HomeBrew Browser,53545,07/22/2020, 22:06:28,205
VHBB00001,Vita HomeBrew Browser,53546,07/22/2020, 23:06:06,205
VHBB00001,Vita HomeBrew Browser,53548,07/23/2020, 00:17:38,205
VHBB00001,Vita HomeBrew Browser,53552,07/23/2020, 01:06:44,205
VHBB00001,Vita HomeBrew Browser,53553,07/23/2020, 02:07:11,205
VHBB00001,Vita HomeBrew Browser,53554,07/23/2020, 03:06:37,205
VHBB00001,Vita HomeBrew Browser,53559,07/23/2020, 04:07:12,205
VHBB00001,Vita HomeBrew Browser,53562,07/23/2020, 05:06:34,205
VHBB00001,Vita HomeBrew Browser,53562,07/23/2020, 06:07:10,205
VHBB00001,Vita HomeBrew Browser,53564,07/23/2020, 07:06:35,205
VHBB00001,Vita HomeBrew Browser,53567,07/23/2020, 08:07:09,205
VHBB00001,Vita HomeBrew Browser,53568,07/23/2020, 09:06:54,205
VHBB00001,Vita HomeBrew Browser,53569,07/23/2020, 10:06:40,205
VHBB00001,Vita HomeBrew Browser,53571,07/23/2020, 11:06:04,205
VHBB00001,Vita HomeBrew Browser,53574,07/23/2020, 12:08:20,205
VHBB00001,Vita HomeBrew Browser,53575,07/23/2020, 13:06:24,205
VHBB00001,Vita HomeBrew Browser,53579,07/23/2020, 14:06:50,205
VHBB00001,Vita HomeBrew Browser,53581,07/23/2020, 15:06:33,205
VHBB00001,Vita HomeBrew Browser,53584,07/23/2020, 16:06:44,205
VHBB00001,Vita HomeBrew Browser,53584,07/23/2020, 17:06:41,205
VHBB00001,Vita HomeBrew Browser,53586,07/23/2020, 18:06:51,205
VHBB00001,Vita HomeBrew Browser,53587,07/23/2020, 19:06:24,205
VHBB00001,Vita HomeBrew Browser,53589,07/23/2020, 20:07:14,205
VHBB00001,Vita HomeBrew Browser,53591,07/23/2020, 21:06:39,205
VHBB00001,Vita HomeBrew Browser,53592,07/23/2020, 22:06:33,205
VHBB00001,Vita HomeBrew Browser,53593,07/23/2020, 23:06:01,205
VHBB00001,Vita HomeBrew Browser,53595,07/24/2020, 00:17:59,205
VHBB00001,Vita HomeBrew Browser,53597,07/24/2020, 01:07:29,205
VHBB00001,Vita HomeBrew Browser,53598,07/24/2020, 02:07:51,205
VHBB00001,Vita HomeBrew Browser,53598,07/24/2020, 03:06:35,205
VHBB00001,Vita HomeBrew Browser,53598,07/24/2020, 04:06:58,205
VHBB00001,Vita HomeBrew Browser,53599,07/24/2020, 05:06:26,205
VHBB00001,Vita HomeBrew Browser,53599,07/24/2020, 06:06:59,205
VHBB00001,Vita HomeBrew Browser,53603,07/24/2020, 07:06:52,205
VHBB00001,Vita HomeBrew Browser,53605,07/24/2020, 08:07:25,205
VHBB00001,Vita HomeBrew Browser,53606,07/24/2020, 09:06:20,205
VHBB00001,Vita HomeBrew Browser,53607,07/24/2020, 10:06:20,205
VHBB00001,Vita HomeBrew Browser,53609,07/24/2020, 11:06:16,205
